A635,PU,Trunk/Principal Road
A3400,PR,Trunk/Principal Road
A523,PU,Trunk/Principal Road
A4025,PR,Trunk/Principal Road
A5151,PR,Trunk/Principal Road
A879,PR,Trunk/Principal Road
A880,PR,Trunk/Principal Road
M20,TM,Motorways
A262,PR,Trunk/Principal Road
A361,PR,Trunk/Principal Road
A581,PR,Trunk/Principal Road
A5115,PU,Trunk/Principal Road
A67,PR,Trunk/Principal Road
A2216,PU,Trunk/Principal Road
A2015,PU,Trunk/Principal Road
A414,PR,Trunk/Principal Road
A427,PU,Trunk/Principal Road
A6108,PR,Trunk/Principal Road
A8,PU,Trunk/Principal Road
A9,PR,Trunk/Principal Road
A950,PU,Trunk/Principal Road
A404,PR,Trunk/Principal Road
A538,PU,Trunk/Principal Road
A562,PR,Trunk/Principal Road
A570,TR,Trunk/Principal Road
A5102,PU,Trunk/Principal Road
A5079,PU,Trunk/Principal Road
A1108,PU,Trunk/Principal Road
A1045,PR,Trunk/Principal Road
A4001,PU,Trunk/Principal Road
A1434,PR,Trunk/Principal Road
M621,TM,Motorways
A462,PR,Trunk/Principal Road
A891,PR,Trunk/Principal Road
A8010,PU,Trunk/Principal Road
A228,PR,Trunk/Principal Road
A4183,PR,Trunk/Principal Road
A185,PU,Trunk/Principal Road
A6079,PU,Trunk/Principal Road
A1151,PU,Trunk/Principal Road
A1137,PU,Trunk/Principal Road
A612,PU,Trunk/Principal Road
A6211,PU,Trunk/Principal Road
A510,PU,Trunk/Principal Road
A4038,PU,Trunk/Principal Road
A521,PU,Trunk/Principal Road
A4091,PU,Trunk/Principal Road
A725,PU,Trunk/Principal Road
A904,PR,Trunk/Principal Road
A718,PU,Trunk/Principal Road
A893,TR,Trunk/Principal Road
A132,PU,Trunk/Principal Road
A605,PR,Trunk/Principal Road
A1123,PU,Trunk/Principal Road
A453,TU,Trunk/Principal Road
A633,PR,Trunk/Principal Road
A636,PU,Trunk/Principal Road
A6068,PR,Trunk/Principal Road
A5006,PU,Trunk/Principal Road
A5223,PU,Trunk/Principal Road
A838,PR,Trunk/Principal Road
A762,PR,Trunk/Principal Road
A2040,PU,Trunk/Principal Road
A277,PU,Trunk/Principal Road
A5032,PR,Trunk/Principal Road
A219,PU,Trunk/Principal Road
A1301,PR,Trunk/Principal Road
A6181,PU,Trunk/Principal Road
A6195,PU,Trunk/Principal Road
A5,TR,Trunk/Principal Road
A45,TR,Trunk/Principal Road
A86,TR,Trunk/Principal Road
A857,PR,Trunk/Principal Road
A2038,PU,Trunk/Principal Road
A570,PU,Trunk/Principal Road
A6127,PU,Trunk/Principal Road
A212,PU,Trunk/Principal Road
A2043,PU,Trunk/Principal Road
A1156,PU,Trunk/Principal Road
A1303,PR,Trunk/Principal Road
M62,TM,Motorways
A6055,PR,Trunk/Principal Road
A1(M),TM,Motorways
A650,PR,Trunk/Principal Road
A4440,PR,Trunk/Principal Road
A513,PU,Trunk/Principal Road
A780,PR,Trunk/Principal Road
A759,PR,Trunk/Principal Road
A27,TR,Trunk/Principal Road
A2023,PU,Trunk/Principal Road
A224,PR,Trunk/Principal Road
A579,PR,Trunk/Principal Road
A406,TU,Trunk/Principal Road
A598,PU,Trunk/Principal Road
A314,PU,Trunk/Principal Road
A554,PU,Trunk/Principal Road
A6002,PU,Trunk/Principal Road
A4600,PU,Trunk/Principal Road
A4101,PR,Trunk/Principal Road
A522,PU,Trunk/Principal Road
A547,PR,Trunk/Principal Road
A4065,PU,Trunk/Principal Road
A99,TR,Trunk/Principal Road
A749,PR,Trunk/Principal Road
A355,PU,Trunk/Principal Road
A224,PU,Trunk/Principal Road
A320,PR,Trunk/Principal Road
A685,PR,Trunk/Principal Road
A6099,PU,Trunk/Principal Road
A1148,PU,Trunk/Principal Road
A101,PU,Trunk/Principal Road
A221,PU,Trunk/Principal Road
A125,PU,Trunk/Principal Road
A1112,PU,Trunk/Principal Road
A113,PU,Trunk/Principal Road
A1175,PU,Trunk/Principal Road
A655,PU,Trunk/Principal Road
A1105,PR,Trunk/Principal Road
A6120,PR,Trunk/Principal Road
A5121,PR,Trunk/Principal Road
A701,TR,Trunk/Principal Road
A873,PR,Trunk/Principal Road
A818,PU,Trunk/Principal Road
A3055,PR,Trunk/Principal Road
A361,TU,Trunk/Principal Road
A3044,PU,Trunk/Principal Road
A410,PU,Trunk/Principal Road
A5204,PU,Trunk/Principal Road
A1210,PU,Trunk/Principal Road
A5037,PU,Trunk/Principal Road
A52,TU,Trunk/Principal Road
A6121,PU,Trunk/Principal Road
A1104,PU,Trunk/Principal Road
A5194,PU,Trunk/Principal Road
A646,TR,Trunk/Principal Road
A726,PR,Trunk/Principal Road
A780,PU,Trunk/Principal Road
A1087,PR,Trunk/Principal Road
A6043,PU,Trunk/Principal Road
A1001,PU,Trunk/Principal Road
A155,PR,Trunk/Principal Road
A4031,PU,Trunk/Principal Road
A529,PU,Trunk/Principal Road
A4221,PR,Trunk/Principal Road
A6089,PR,Trunk/Principal Road
A872,PU,Trunk/Principal Road
A811,PU,Trunk/Principal Road
A833,PU,Trunk/Principal Road
A3035,PU,Trunk/Principal Road
A30,TU,Trunk/Principal Road
M61,TM,Motorways
A532,PU,Trunk/Principal Road
A182,PR,Trunk/Principal Road
A1044,PR,Trunk/Principal Road
A124,PU,Trunk/Principal Road
A3212,PU,Trunk/Principal Road
A128,PR,Trunk/Principal Road
A126,PR,Trunk/Principal Road
A608,PU,Trunk/Principal Road
A44,TU,Trunk/Principal Road
A697,PR,Trunk/Principal Road
A33,PU,Trunk/Principal Road
A420,TR,Trunk/Principal Road
A415,PR,Trunk/Principal Road
A416,PR,Trunk/Principal Road
A4154,PU,Trunk/Principal Road
A243,PU,Trunk/Principal Road
A420,PR,Trunk/Principal Road
M41,TM,Motorways
A565,PU,Trunk/Principal Road
A566,PU,Trunk/Principal Road
A142,PU,Trunk/Principal Road
A5076,PU,Trunk/Principal Road
A6004,PR,Trunk/Principal Road
A1174,PU,Trunk/Principal Road
A628,TR,Trunk/Principal Road
A172,TR,Trunk/Principal Road
A478,PR,Trunk/Principal Road
A814,PR,Trunk/Principal Road
A199,PU,Trunk/Principal Road
A245,PR,Trunk/Principal Road
A291,PU,Trunk/Principal Road
A628,TU,Trunk/Principal Road
A1009,PU,Trunk/Principal Road
A6014,PU,Trunk/Principal Road
A491,PR,Trunk/Principal Road
A4110,PU,Trunk/Principal Road
A4069,PR,Trunk/Principal Road
A329,PU,Trunk/Principal Road
A309,PU,Trunk/Principal Road
A247,PU,Trunk/Principal Road
A584,PU,Trunk/Principal Road
A555,PR,Trunk/Principal Road
A594,PU,Trunk/Principal Road
A135,PU,Trunk/Principal Road
A1400,PU,Trunk/Principal Road
M62,PM,Motorways
A1001,TU,Trunk/Principal Road
A1123,PR,Trunk/Principal Road
A1124,PR,Trunk/Principal Road
A1159,PU,Trunk/Principal Road
A1111,PR,Trunk/Principal Road
A6038,PU,Trunk/Principal Road
A6029,PU,Trunk/Principal Road
A4043,PR,Trunk/Principal Road
A4050,PR,Trunk/Principal Road
A75,TR,Trunk/Principal Road
A741,PU,Trunk/Principal Road
A354,PR,Trunk/Principal Road
A679,PR,Trunk/Principal Road
A6052,PU,Trunk/Principal Road
A6063,PU,Trunk/Principal Road
A6085,PR,Trunk/Principal Road
A300,PU,Trunk/Principal Road
A1201,PU,Trunk/Principal Road
A414,PU,Trunk/Principal Road
A1235,PU,Trunk/Principal Road
A130,PU,Trunk/Principal Road
A606,PR,Trunk/Principal Road
A50,PU,Trunk/Principal Road
A4077,PR,Trunk/Principal Road
A85,PU,Trunk/Principal Road
A264,PU,Trunk/Principal Road
A2042,PU,Trunk/Principal Road
A6050,PR,Trunk/Principal Road
A568,PU,Trunk/Principal Road
A596,PU,Trunk/Principal Road
A1049,PU,Trunk/Principal Road
A5058,PU,Trunk/Principal Road
M57,TM,Motorways
A6098,PU,Trunk/Principal Road
A615,PU,Trunk/Principal Road
A6086,PU,Trunk/Principal Road
A6539,PR,Trunk/Principal Road
A34,TU,Trunk/Principal Road
A458,PR,Trunk/Principal Road
A4229,PR,Trunk/Principal Road
A4093,PR,Trunk/Principal Road
A4102,PR,Trunk/Principal Road
M90,TM,Motorways
A836,PR,Trunk/Principal Road
A256,PR,Trunk/Principal Road
A41,TU,Trunk/Principal Road
A409,PU,Trunk/Principal Road
A1020,PU,Trunk/Principal Road
A1303,PU,Trunk/Principal Road
A5250,PU,Trunk/Principal Road
A19,TU,Trunk/Principal Road
A64,PR,Trunk/Principal Road
A4196,PU,Trunk/Principal Road
A907,PR,Trunk/Principal Road
A850,PR,Trunk/Principal Road
A800,PR,Trunk/Principal Road
A307,PR,Trunk/Principal Road
A206,PU,Trunk/Principal Road
A591,PR,Trunk/Principal Road
A678,PR,Trunk/Principal Road
A194M,TM,Motorways
A400,PU,Trunk/Principal Road
A5027,PU,Trunk/Principal Road
A632,PU,Trunk/Principal Road
A58,PU,Trunk/Principal Road
A163,PR,Trunk/Principal Road
A161,PR,Trunk/Principal Road
A4048,PR,Trunk/Principal Road
A5118,PR,Trunk/Principal Road
A550,TU,Trunk/Principal Road
A705,PU,Trunk/Principal Road
A273,PU,Trunk/Principal Road
A3205,PU,Trunk/Principal Road
A4208,PU,Trunk/Principal Road
A120,PR,Trunk/Principal Road
A148,PR,Trunk/Principal Road
A4280,PR,Trunk/Principal Road
A151,PR,Trunk/Principal Road
A46,PU,Trunk/Principal Road
A641,PU,Trunk/Principal Road
A1035,PR,Trunk/Principal Road
A162,PU,Trunk/Principal Road
A500,TU,Trunk/Principal Road
A470,TR,Trunk/Principal Road
A709,PR,Trunk/Principal Road
A823,TM,Trunk/Principal Road
A956,PR,Trunk/Principal Road
M25,TM,Motorways
A288,PU,Trunk/Principal Road
A530,PU,Trunk/Principal Road
A189,PR,Trunk/Principal Road
A195,PR,Trunk/Principal Road
A3113,TU,Trunk/Principal Road
A127,TU,Trunk/Principal Road
A1126,PR,Trunk/Principal Road
A405,PU,Trunk/Principal Road
A5199,PU,Trunk/Principal Road
A1237,TU,Trunk/Principal Road
A50,TU,Trunk/Principal Road
M4,TM,Motorways
A4051,PU,Trunk/Principal Road
A4161,PU,Trunk/Principal Road
A896,PR,Trunk/Principal Road
A982,PU,Trunk/Principal Road
A662,PU,Trunk/Principal Road
A557,TU,Trunk/Principal Road
A1150,PR,Trunk/Principal Road
A603,PR,Trunk/Principal Road
A616,TR,Trunk/Principal Road
A6040,PU,Trunk/Principal Road
A455,PU,Trunk/Principal Road
A467,PU,Trunk/Principal Road
A48(M),TM,Motorways
A6094,PR,Trunk/Principal Road
A916,PR,Trunk/Principal Road
A772,PR,Trunk/Principal Road
A5033,PR,Trunk/Principal Road
A5106,PU,Trunk/Principal Road
A558,PR,Trunk/Principal Road
A195,PU,Trunk/Principal Road
A205,TU,Trunk/Principal Road
A565,TU,Trunk/Principal Road
A120,PU,Trunk/Principal Road
A6191,PU,Trunk/Principal Road
A981,PR,Trunk/Principal Road
A900,PU,Trunk/Principal Road
A737,TR,Trunk/Principal Road
A2004,PU,Trunk/Principal Road
A3044,PR,Trunk/Principal Road
A4094,PR,Trunk/Principal Road
A4156,PU,Trunk/Principal Road
A2700,PR,Trunk/Principal Road
A6027,PU,Trunk/Principal Road
A5143,PU,Trunk/Principal Road
A538,PR,Trunk/Principal Road
A502,PU,Trunk/Principal Road
A3004,PU,Trunk/Principal Road
A218,PU,Trunk/Principal Road
A1129,PU,Trunk/Principal Road
A1160,PU,Trunk/Principal Road
A1302,PR,Trunk/Principal Road
A620,PU,Trunk/Principal Road
A427,TU,Trunk/Principal Road
A180,TR,Trunk/Principal Road
A1031,PU,Trunk/Principal Road
A1238,PR,Trunk/Principal Road
A4120,PU,Trunk/Principal Road
A4049,PR,Trunk/Principal Road
A736,PU,Trunk/Principal Road
A761,PR,Trunk/Principal Road
A814,PU,Trunk/Principal Road
A821,PR,Trunk/Principal Road
A7,TU,Trunk/Principal Road
A361,PU,Trunk/Principal Road
A2044,PU,Trunk/Principal Road
M56,TM,Motorways
A589,PU,Trunk/Principal Road
A6140,PU,Trunk/Principal Road
A140,PU,Trunk/Principal Road
A1014,PR,Trunk/Principal Road
A650,TR,Trunk/Principal Road
A1098,PU,Trunk/Principal Road
A6108,PU,Trunk/Principal Road
A4240,PU,Trunk/Principal Road
A957,PR,Trunk/Principal Road
A713,PU,Trunk/Principal Road
A25,PR,Trunk/Principal Road
A247,PR,Trunk/Principal Road
A6027,PR,Trunk/Principal Road
A6060,PU,Trunk/Principal Road
A68,PU,Trunk/Principal Road
A3003,PU,Trunk/Principal Road
A1203,TU,Trunk/Principal Road
A603,PU,Trunk/Principal Road
A133,PR,Trunk/Principal Road
A5228,PU,Trunk/Principal Road
A1175,PR,Trunk/Principal Road
A64,PM,Trunk/Principal Road
A4115,PR,Trunk/Principal Road
A228,PU,Trunk/Principal Road
M275,TM,Motorways
A6104,PU,Trunk/Principal Road
A6078,PU,Trunk/Principal Road
A2211,PU,Trunk/Principal Road
A1206,PU,Trunk/Principal Road
A408,PU,Trunk/Principal Road
A5267,PU,Trunk/Principal Road
A5758,PR,Trunk/Principal Road
A1017,PR,Trunk/Principal Road
A1304,PU,Trunk/Principal Road
A6007,PU,Trunk/Principal Road
A5630,PU,Trunk/Principal Road
M18,TM,Motorways
A1174,PR,Trunk/Principal Road
A53,PR,Trunk/Principal Road
A487,TR,Trunk/Principal Road
A548,PU,Trunk/Principal Road
A4226,PU,Trunk/Principal Road
A711,PR,Trunk/Principal Road
A721,PR,Trunk/Principal Road
A72,PU,Trunk/Principal Road
A3093,PR,Trunk/Principal Road
A56,PU,Trunk/Principal Road
A5060,PU,Trunk/Principal Road
A5230,PR,Trunk/Principal Road
A672,PU,Trunk/Principal Road
A1018,PU,Trunk/Principal Road
A137,PU,Trunk/Principal Road
A44,PR,Trunk/Principal Road
A38,PM,Trunk/Principal Road
A539,PU,Trunk/Principal Road
A4218,PR,Trunk/Principal Road
A909,PR,Trunk/Principal Road
A79,PU,Trunk/Principal Road
A199,TR,Trunk/Principal Road
A267,PU,Trunk/Principal Road
A535,PU,Trunk/Principal Road
A201,PU,Trunk/Principal Road
A5139,PR,Trunk/Principal Road
A66,TR,Trunk/Principal Road
A735,PU,Trunk/Principal Road
A9013,PU,Trunk/Principal Road
A948,PR,Trunk/Principal Road
A31,PR,Trunk/Principal Road
A412,PR,Trunk/Principal Road
A6058,PU,Trunk/Principal Road
A693,PR,Trunk/Principal Road
A1086,PR,Trunk/Principal Road
A2205,PU,Trunk/Principal Road
A1251,PU,Trunk/Principal Road
A1069,PU,Trunk/Principal Road
A1079,TR,Trunk/Principal Road
A6539,PU,Trunk/Principal Road
A458,PU,Trunk/Principal Road
A4540,PU,Trunk/Principal Road
A708,PR,Trunk/Principal Road
A929,PR,Trunk/Principal Road
A420,PU,Trunk/Principal Road
A27,TU,Trunk/Principal Road
A250,PU,Trunk/Principal Road
A74,TR,Trunk/Principal Road
A5106,PR,Trunk/Principal Road
A10,TU,Trunk/Principal Road
A1153,PU,Trunk/Principal Road
A4125,PU,Trunk/Principal Road
A569,PR,Trunk/Principal Road
A170,PR,Trunk/Principal Road
A650,TU,Trunk/Principal Road
A5190,PU,Trunk/Principal Road
A446,PR,Trunk/Principal Road
A4063,PU,Trunk/Principal Road
A930,PU,Trunk/Principal Road
A719,PU,Trunk/Principal Road
A3,TR,Trunk/Principal Road
A29,PU,Trunk/Principal Road
A274,PU,Trunk/Principal Road
A671,PU,Trunk/Principal Road
A6061,PR,Trunk/Principal Road
A626,PR,Trunk/Principal Road
A2208,PU,Trunk/Principal Road
A129,PU,Trunk/Principal Road
A1,TR,Trunk/Principal Road
A6033,PU,Trunk/Principal Road
M6,TM,Motorways
A4085,PR,Trunk/Principal Road
A4055,PR,Trunk/Principal Road
A822,PR,Trunk/Principal Road
A4421,PR,Trunk/Principal Road
A665,PU,Trunk/Principal Road
A181,PR,Trunk/Principal Road
A154,PU,Trunk/Principal Road
A5140,PU,Trunk/Principal Road
A5001,PR,Trunk/Principal Road
A6102,PU,Trunk/Principal Road
A628,PU,Trunk/Principal Road
A170,PU,Trunk/Principal Road
A4133,PR,Trunk/Principal Road
A545,PR,Trunk/Principal Road
A489,PU,Trunk/Principal Road
M898,TM,Motorways
A725,TU,Trunk/Principal Road
A6091,TR,Trunk/Principal Road
A691,PR,Trunk/Principal Road
A144,PR,Trunk/Principal Road
A1092,PR,Trunk/Principal Road
A65,PU,Trunk/Principal Road
A1031,PR,Trunk/Principal Road
A521,PR,Trunk/Principal Road
A4234,PU,Trunk/Principal Road
A332,PR,Trunk/Principal Road
A2500,PR,Trunk/Principal Road
A6145,PU,Trunk/Principal Road
A5028,PU,Trunk/Principal Road
A507,PU,Trunk/Principal Road
A60,TU,Trunk/Principal Road
A638,TU,Trunk/Principal Road
A62,PR,Trunk/Principal Road
A522,PR,Trunk/Principal Road
A460,PU,Trunk/Principal Road
A6091,TU,Trunk/Principal Road
A4,PR,Trunk/Principal Road
A29,PR,Trunk/Principal Road
A5085,PR,Trunk/Principal Road
A1147,PU,Trunk/Principal Road
A5137,PU,Trunk/Principal Road
A623,PR,Trunk/Principal Road
A4039,PU,Trunk/Principal Road
A488,PR,Trunk/Principal Road
A4050,PU,Trunk/Principal Road
A94,PR,Trunk/Principal Road
A751,TR,Trunk/Principal Road
A36,PU,Trunk/Principal Road
A340,PU,Trunk/Principal Road
A436,PR,Trunk/Principal Road
A2215,PU,Trunk/Principal Road
A600,PR,Trunk/Principal Road
A630,PU,Trunk/Principal Road
A6021,PU,Trunk/Principal Road
A5271,PU,Trunk/Principal Road
A4244,PR,Trunk/Principal Road
A82,TR,Trunk/Principal Road
A99,PR,Trunk/Principal Road
A960,PR,Trunk/Principal Road
A330,PR,Trunk/Principal Road
A24,PR,Trunk/Principal Road
A289,PU,Trunk/Principal Road
A295,PR,Trunk/Principal Road
A5103,TU,Trunk/Principal Road
A6076,PR,Trunk/Principal Road
A3006,PU,Trunk/Principal Road
A1099,PU,Trunk/Principal Road
A1232,TR,Trunk/Principal Road
A1019,PU,Trunk/Principal Road
A427,TR,Trunk/Principal Road
A6013,PU,Trunk/Principal Road
A59,PR,Trunk/Principal Road
A629,PU,Trunk/Principal Road
M180,TM,Motorways
A629,TR,Trunk/Principal Road
A4042,PU,Trunk/Principal Road
A4054,PU,Trunk/Principal Road
A4063,PR,Trunk/Principal Road
A828,TR,Trunk/Principal Road
A336,PR,Trunk/Principal Road
A418,PU,Trunk/Principal Road
A674,PR,Trunk/Principal Road
A535,PR,Trunk/Principal Road
M55,TM,Motorways
A594,PR,Trunk/Principal Road
A599,PU,Trunk/Principal Road
A1016,PU,Trunk/Principal Road
A1096,PU,Trunk/Principal Road
A171,PR,Trunk/Principal Road
A41,TR,Trunk/Principal Road
A4216,PU,Trunk/Principal Road
A835,TR,Trunk/Principal Road
A809,PU,Trunk/Principal Road
A76,TU,Trunk/Principal Road
A329,PM,Trunk/Principal Road
A289,PR,Trunk/Principal Road
A689,PR,Trunk/Principal Road
M65,PR,Motorways
A4200,PU,Trunk/Principal Road
A111,PU,Trunk/Principal Road
A1263,PU,Trunk/Principal Road
A1306,PR,Trunk/Principal Road
A4251,PR,Trunk/Principal Road
A1024,PU,Trunk/Principal Road
A1155,PU,Trunk/Principal Road
A5134,PU,Trunk/Principal Road
A634,PR,Trunk/Principal Road
A6120,TR,Trunk/Principal Road
A451,PR,Trunk/Principal Road
A511,PR,Trunk/Principal Road
A4087,PR,Trunk/Principal Road
A724,PU,Trunk/Principal Road
A803,PU,Trunk/Principal Road
A961,PR,Trunk/Principal Road
A698,PU,Trunk/Principal Road
A2032,PU,Trunk/Principal Road
A240,PU,Trunk/Principal Road
A326,PU,Trunk/Principal Road
A190,PR,Trunk/Principal Road
A1300,PU,Trunk/Principal Road
A107,PU,Trunk/Principal Road
A312,TU,Trunk/Principal Road
A1081,PR,Trunk/Principal Road
A1117,PU,Trunk/Principal Road
A6141,PU,Trunk/Principal Road
A612,PR,Trunk/Principal Road
A647,PU,Trunk/Principal Road
A4141,PU,Trunk/Principal Road
A5104,PU,Trunk/Principal Road
A4232,PR,Trunk/Principal Road
A9011,PU,Trunk/Principal Road
A2,PU,Trunk/Principal Road
A264,PR,Trunk/Principal Road
A2011,PU,Trunk/Principal Road
A2100,PU,Trunk/Principal Road
A679,PU,Trunk/Principal Road
A184,PR,Trunk/Principal Road
A1052,PR,Trunk/Principal Road
A237,PU,Trunk/Principal Road
A1261,TU,Trunk/Principal Road
A610,PU,Trunk/Principal Road
A638,TR,Trunk/Principal Road
A38,TR,Trunk/Principal Road
A964,PR,Trunk/Principal Road
A917,PU,Trunk/Principal Road
A83,PR,Trunk/Principal Road
A4260,PR,Trunk/Principal Road
A324,PU,Trunk/Principal Road
A299,PU,Trunk/Principal Road
A578,PU,Trunk/Principal Road
A6,TU,Trunk/Principal Road
A1(T),TU,Trunk/Principal Road
A311,PU,Trunk/Principal Road
A145,PR,Trunk/Principal Road
A11,TR,Trunk/Principal Road
A1023,PR,Trunk/Principal Road
A6007,PR,Trunk/Principal Road
A642,PR,Trunk/Principal Road
A60,PR,Trunk/Principal Road
A917,PR,Trunk/Principal Road
A835,PR,Trunk/Principal Road
A978,PU,Trunk/Principal Road
A3090,PR,Trunk/Principal Road
A509,PU,Trunk/Principal Road
A3024,PU,Trunk/Principal Road
A339,PU,Trunk/Principal Road
A194,TM,Trunk/Principal Road
A428,TU,Trunk/Principal Road
A638,PU,Trunk/Principal Road
A1173,PU,Trunk/Principal Road
A46,TU,Trunk/Principal Road
A476,PR,Trunk/Principal Road
A3025,PU,Trunk/Principal Road
A343,PU,Trunk/Principal Road
A30,TR,Trunk/Principal Road
A248,PR,Trunk/Principal Road
A49,PU,Trunk/Principal Road
A196,PU,Trunk/Principal Road
A2217,PU,Trunk/Principal Road
A40,TM,Trunk/Principal Road
A553,PR,Trunk/Principal Road
A1308,PR,Trunk/Principal Road
A516,PR,Trunk/Principal Road
A621,PU,Trunk/Principal Road
A500,TR,Trunk/Principal Road
A4100,PU,Trunk/Principal Road
A4242,PR,Trunk/Principal Road
A913,PR,Trunk/Principal Road
A3011,PU,Trunk/Principal Road
A1046,PU,Trunk/Principal Road
A5205,PU,Trunk/Principal Road
A5137,PR,Trunk/Principal Road
A166,PR,Trunk/Principal Road
A4172,PR,Trunk/Principal Road
A9,PU,Trunk/Principal Road
A752,PR,Trunk/Principal Road
A724,PR,Trunk/Principal Road
A2008,PU,Trunk/Principal Road
A6066,PU,Trunk/Principal Road
A555,PU,Trunk/Principal Road
A1170,PR,Trunk/Principal Road
A14,TR,Trunk/Principal Road
A133,PU,Trunk/Principal Road
A27,PR,Trunk/Principal Road
A3,PR,Trunk/Principal Road
A580,PU,Trunk/Principal Road
A145,PU,Trunk/Principal Road
A632,PR,Trunk/Principal Road
A1104,PR,Trunk/Principal Road
A620,PR,Trunk/Principal Road
A162,PR,Trunk/Principal Road
A6195,PR,Trunk/Principal Road
A4106,PR,Trunk/Principal Road
A546,PU,Trunk/Principal Road
A4232,PU,Trunk/Principal Road
A841,PR,Trunk/Principal Road
A875,PR,Trunk/Principal Road
A91,PU,Trunk/Principal Road
A3201,PU,Trunk/Principal Road
A293,PR,Trunk/Principal Road
A57,PM,Trunk/Principal Road
A6114,PU,Trunk/Principal Road
A592,PU,Trunk/Principal Road
A693,PU,Trunk/Principal Road
A6079,PR,Trunk/Principal Road
A3031,PU,Trunk/Principal Road
A1203,PU,Trunk/Principal Road
A121,PU,Trunk/Principal Road
A1112,PR,Trunk/Principal Road
A1101,PU,Trunk/Principal Road
A12,PR,Trunk/Principal Road
A6900,PR,Trunk/Principal Road
A6133,PU,Trunk/Principal Road
A6176,PU,Trunk/Principal Road
A4640,PU,Trunk/Principal Road
A477,TR,Trunk/Principal Road
A481,PR,Trunk/Principal Road
A4078,PR,Trunk/Principal Road
A761,PU,Trunk/Principal Road
A807,PU,Trunk/Principal Road
A9012,PU,Trunk/Principal Road
A3020,PU,Trunk/Principal Road
A5087,PU,Trunk/Principal Road
A679,TR,Trunk/Principal Road
A688,PU,Trunk/Principal Road
A551,PU,Trunk/Principal Road
A1066,PU,Trunk/Principal Road
A619,PR,Trunk/Principal Road
A16,TU,Trunk/Principal Road
A6097,PR,Trunk/Principal Road
A19,PU,Trunk/Principal Road
A454,PU,Trunk/Principal Road
A494,TU,Trunk/Principal Road
A4046,PR,Trunk/Principal Road
A846,PR,Trunk/Principal Road
A2102,PU,Trunk/Principal Road
A4128,PU,Trunk/Principal Road
A104,PU,Trunk/Principal Road
A102,PU,Trunk/Principal Road
A1055,PU,Trunk/Principal Road
M25,TR,Motorways
A1138,PU,Trunk/Principal Road
A64,PU,Trunk/Principal Road
A6024,PU,Trunk/Principal Road
A435,PR,Trunk/Principal Road
A484,PU,Trunk/Principal Road
A68,PR,Trunk/Principal Road
A2260,TR,Trunk/Principal Road
A6185,PR,Trunk/Principal Road
A69,TU,Trunk/Principal Road
A114,PU,Trunk/Principal Road
A1057,PR,Trunk/Principal Road
A5123,PU,Trunk/Principal Road
A624,PU,Trunk/Principal Road
A4099,PU,Trunk/Principal Road
M45,TM,Motorways
A5026,PR,Trunk/Principal Road
A8015,PR,Trunk/Principal Road
A323,PU,Trunk/Principal Road
A3016,PU,Trunk/Principal Road
A3054,PU,Trunk/Principal Road
A284,PR,Trunk/Principal Road
A556,TR,Trunk/Principal Road
A5284,PU,Trunk/Principal Road
A5105,PR,Trunk/Principal Road
A209,PU,Trunk/Principal Road
A625,PR,Trunk/Principal Road
A444,PR,Trunk/Principal Road
A483,PR,Trunk/Principal Road
A4079,PR,Trunk/Principal Road
A981,PU,Trunk/Principal Road
A727,PR,Trunk/Principal Road
A27,PU,Trunk/Principal Road
A269,PU,Trunk/Principal Road
A3057,PU,Trunk/Principal Road
A582,PU,Trunk/Principal Road
A6144,PU,Trunk/Principal Road
A4205,PU,Trunk/Principal Road
A5039,PU,Trunk/Principal Road
A5052,PU,Trunk/Principal Road
A5041,PU,Trunk/Principal Road
A1232,PU,Trunk/Principal Road
A428,PU,Trunk/Principal Road
A4103,PR,Trunk/Principal Road
A4510,PR,Trunk/Principal Road
A479,TR,Trunk/Principal Road
A4223,PU,Trunk/Principal Road
A737,PU,Trunk/Principal Road
A6112,PR,Trunk/Principal Road
A275,PR,Trunk/Principal Road
A327,PR,Trunk/Principal Road
A2300,PR,Trunk/Principal Road
A537,PU,Trunk/Principal Road
A174,TU,Trunk/Principal Road
A1068,PR,Trunk/Principal Road
A223,PR,Trunk/Principal Road
A134,TR,Trunk/Principal Road
A657,PU,Trunk/Principal Road
A681,PR,Trunk/Principal Road
M6(T),TM,Motorways
A4118,PR,Trunk/Principal Road
A766,PR,Trunk/Principal Road
A883,PR,Trunk/Principal Road
M60,TM,Motorways
A587,PU,Trunk/Principal Road
A1300,PR,Trunk/Principal Road
A103,PU,Trunk/Principal Road
A3216,PU,Trunk/Principal Road
A5000,PU,Trunk/Principal Road
A15,PU,Trunk/Principal Road
A1074,PU,Trunk/Principal Road
A615,PR,Trunk/Principal Road
A660,TR,Trunk/Principal Road
A456,TR,Trunk/Principal Road
A4091,PR,Trunk/Principal Road
A496,PR,Trunk/Principal Road
A4061,PU,Trunk/Principal Road
A6105,PR,Trunk/Principal Road
A322,PU,Trunk/Principal Road
A322,PR,Trunk/Principal Road
A3056,PR,Trunk/Principal Road
A595,PU,Trunk/Principal Road
A4280,PU,Trunk/Principal Road
A650,PU,Trunk/Principal Road
A1036,PU,Trunk/Principal Road
A6069,PU,Trunk/Principal Road
A4103,PU,Trunk/Principal Road
A4071,PR,Trunk/Principal Road
A534,PU,Trunk/Principal Road
A770,PU,Trunk/Principal Road
A811,PR,Trunk/Principal Road
A941,PR,Trunk/Principal Road
A6106,PR,Trunk/Principal Road
A907,PU,Trunk/Principal Road
A4074,PR,Trunk/Principal Road
A4010,PR,Trunk/Principal Road
A417,PU,Trunk/Principal Road
A338,PU,Trunk/Principal Road
A4074,PU,Trunk/Principal Road
A6071,PR,Trunk/Principal Road
A683,PU,Trunk/Principal Road
A66,TU,Trunk/Principal Road
A123,PU,Trunk/Principal Road
A5048,PU,Trunk/Principal Road
A554,PR,Trunk/Principal Road
A505,PU,Trunk/Principal Road
A4107,PR,Trunk/Principal Road
A474,PR,Trunk/Principal Road
A77,TR,Trunk/Principal Road
A6094,PU,Trunk/Principal Road
A6095,PU,Trunk/Principal Road
A772,PU,Trunk/Principal Road
A862,PU,Trunk/Principal Road
A31,PU,Trunk/Principal Road
A2260,PU,Trunk/Principal Road
A560,PR,Trunk/Principal Road
A194,PR,Trunk/Principal Road
A127,PU,Trunk/Principal Road
A1065,PR,Trunk/Principal Road
A5001,PU,Trunk/Principal Road
A652,PU,Trunk/Principal Road
A6055,TR,Trunk/Principal Road
A707,PR,Trunk/Principal Road
A415,PU,Trunk/Principal Road
A307,PU,Trunk/Principal Road
M271,TM,Motorways
A397,PU,Trunk/Principal Road
A3090,PU,Trunk/Principal Road
A5092,TR,Trunk/Principal Road
A69,PU,Trunk/Principal Road
A5230,PU,Trunk/Principal Road
A183,PR,Trunk/Principal Road
A189,PU,Trunk/Principal Road
A208,PU,Trunk/Principal Road
A3200,PU,Trunk/Principal Road
A5134,PR,Trunk/Principal Road
A616,PU,Trunk/Principal Road
A495,PR,Trunk/Principal Road
A947,PR,Trunk/Principal Road
A980,PR,Trunk/Principal Road
A4165,PU,Trunk/Principal Road
A579,PU,Trunk/Principal Road
A562,PU,Trunk/Principal Road
A192,PU,Trunk/Principal Road
A133,TR,Trunk/Principal Road
A6015,PR,Trunk/Principal Road
A645,PU,Trunk/Principal Road
A474,PU,Trunk/Principal Road
A823,PR,Trunk/Principal Road
A706,PU,Trunk/Principal Road
A755,PR,Trunk/Principal Road
A267,PR,Trunk/Principal Road
A2036,PU,Trunk/Principal Road
M53,TM,Motorways
A696,PR,Trunk/Principal Road
A10,PR,Trunk/Principal Road
A1071,PR,Trunk/Principal Road
A4300,PU,Trunk/Principal Road
A5223,PR,Trunk/Principal Road
A4243,PR,Trunk/Principal Road
A701,PR,Trunk/Principal Road
A899,PR,Trunk/Principal Road
A937,PR,Trunk/Principal Road
A702,PU,Trunk/Principal Road
A969,PR,Trunk/Principal Road
A509,PR,Trunk/Principal Road
A25,PU,Trunk/Principal Road
A277,PR,Trunk/Principal Road
A328,PU,Trunk/Principal Road
A4146,PR,Trunk/Principal Road
A280,PU,Trunk/Principal Road
A1240,PU,Trunk/Principal Road
A233,PU,Trunk/Principal Road
A136,PU,Trunk/Principal Road
A545,PU,Trunk/Principal Road
A78,PU,Trunk/Principal Road
A743,PR,Trunk/Principal Road
A911,PU,Trunk/Principal Road
A404,TR,Trunk/Principal Road
A51,TR,Trunk/Principal Road
A148,PU,Trunk/Principal Road
A1168,PR,Trunk/Principal Road
M5,TM,Motorways
A422,PR,Trunk/Principal Road
A897,PR,Trunk/Principal Road
A990,PR,Trunk/Principal Road
A308,TM,Trunk/Principal Road
A339,PR,Trunk/Principal Road
A2260,PR,Trunk/Principal Road
A184,TR,Trunk/Principal Road
A220,PU,Trunk/Principal Road
A437,PU,Trunk/Principal Road
A405,TR,Trunk/Principal Road
A512,PU,Trunk/Principal Road
A6025,PU,Trunk/Principal Road
A4148,PU,Trunk/Principal Road
A38,PR,Trunk/Principal Road
A5112,PU,Trunk/Principal Road
A4111,PR,Trunk/Principal Road
A702,TR,Trunk/Principal Road
A89,PR,Trunk/Principal Road
A710,PU,Trunk/Principal Road
A941,PU,Trunk/Principal Road
A275,PU,Trunk/Principal Road
A3023,PR,Trunk/Principal Road
A4185,PR,Trunk/Principal Road
A336,PU,Trunk/Principal Road
A5022,PR,Trunk/Principal Road
A1056,PR,Trunk/Principal Road
A100,PU,Trunk/Principal Road
A102,TU,Trunk/Principal Road
A411,PR,Trunk/Principal Road
A1214,PU,Trunk/Principal Road
A1144,PU,Trunk/Principal Road
A1250,PR,Trunk/Principal Road
A168,TR,Trunk/Principal Road
A1,PR,Trunk/Principal Road
A58M,PM,Motorways
A422,PU,Trunk/Principal Road
A465,PR,Trunk/Principal Road
A5007,PU,Trunk/Principal Road
A523,PR,Trunk/Principal Road
A473,PU,Trunk/Principal Road
A468,PU,Trunk/Principal Road
A903,PU,Trunk/Principal Road
A949,PR,Trunk/Principal Road
A2009,PU,Trunk/Principal Road
A505,PR,Trunk/Principal Road
A6072,PR,Trunk/Principal Road
A174,PU,Trunk/Principal Road
A63,PU,Trunk/Principal Road
A5,PR,Trunk/Principal Road
A425,PR,Trunk/Principal Road
A5108,PR,Trunk/Principal Road
A6106,TR,Trunk/Principal Road
A229,PR,Trunk/Principal Road
A692,PR,Trunk/Principal Road
A213,PU,Trunk/Principal Road
A5109,PU,Trunk/Principal Road
A1005,PR,Trunk/Principal Road
A1121,PR,Trunk/Principal Road
A59,TR,Trunk/Principal Road
A15,PR,Trunk/Principal Road
A469,PU,Trunk/Principal Road
A549,PR,Trunk/Principal Road
A77,PU,Trunk/Principal Road
A939,PR,Trunk/Principal Road
A22,PR,Trunk/Principal Road
A3,PU,Trunk/Principal Road
A280,PR,Trunk/Principal Road
A337,PR,Trunk/Principal Road
A2290,PU,Trunk/Principal Road
A1043,PR,Trunk/Principal Road
A3214,PU,Trunk/Principal Road
A4003,PU,Trunk/Principal Road
A1071,PU,Trunk/Principal Road
A6001,PR,Trunk/Principal Road
A631,PU,Trunk/Principal Road
A4640,PR,Trunk/Principal Road
A4222,PR,Trunk/Principal Road
A539,PR,Trunk/Principal Road
A861,PR,Trunk/Principal Road
A7066,PR,Trunk/Principal Road
A284,PU,Trunk/Principal Road
A4155,PU,Trunk/Principal Road
A3050,PU,Trunk/Principal Road
A4157,PU,Trunk/Principal Road
A586,PR,Trunk/Principal Road
A5083,PU,Trunk/Principal Road
A4090,PU,Trunk/Principal Road
A149,PR,Trunk/Principal Road
A4147,PU,Trunk/Principal Road
A644,PR,Trunk/Principal Road
A453,PR,Trunk/Principal Road
A40,PR,Trunk/Principal Road
A89,PU,Trunk/Principal Road
A329,PR,Trunk/Principal Road
A20,TU,Trunk/Principal Road
A323,PR,Trunk/Principal Road
A6143,PU,Trunk/Principal Road
A588,PU,Trunk/Principal Road
A601,PM,Trunk/Principal Road
A1010,PU,Trunk/Principal Road
A6096,PR,Trunk/Principal Road
A4304,PU,Trunk/Principal Road
A516,TU,Trunk/Principal Road
A1098,PR,Trunk/Principal Road
A456,PU,Trunk/Principal Road
A439,PR,Trunk/Principal Road
A445,PR,Trunk/Principal Road
A44,TR,Trunk/Principal Road
A325,PR,Trunk/Principal Road
A5268,PU,Trunk/Principal Road
A5080,PU,Trunk/Principal Road
A689,PU,Trunk/Principal Road
A205,PU,Trunk/Principal Road
A222,PU,Trunk/Principal Road
A1306,PU,Trunk/Principal Road
A119,PR,Trunk/Principal Road
A1117,PR,Trunk/Principal Road
A6135,PU,Trunk/Principal Road
A46,PR,Trunk/Principal Road
A654,PU,Trunk/Principal Road
A6032,PU,Trunk/Principal Road
A480,PR,Trunk/Principal Road
A5011,PR,Trunk/Principal Road
A8,TR,Trunk/Principal Road
A118,PU,Trunk/Principal Road
A140,TR,Trunk/Principal Road
A5028,PR,Trunk/Principal Road
A6036,PU,Trunk/Principal Road
A429,PR,Trunk/Principal Road
A4041,PU,Trunk/Principal Road
A4036,PU,Trunk/Principal Road
A498,PR,Trunk/Principal Road
A48,TM,Trunk/Principal Road
A90,TR,Trunk/Principal Road
A928,PR,Trunk/Principal Road
A889,TR,Trunk/Principal Road
A887,TR,Trunk/Principal Road
A225,PU,Trunk/Principal Road
A421,PU,Trunk/Principal Road
A33,PR,Trunk/Principal Road
A5103,PU,Trunk/Principal Road
A627(M),TM,Motorways
A2,TU,Trunk/Principal Road
A5050,PU,Trunk/Principal Road
A646,PR,Trunk/Principal Road
A4182,PU,Trunk/Principal Road
A4810,PR,Trunk/Principal Road
A726,PU,Trunk/Principal Road
A82,TU,Trunk/Principal Road
A167,TR,Trunk/Principal Road
A694,PU,Trunk/Principal Road
A1260,PU,Trunk/Principal Road
A1014,PU,Trunk/Principal Road
A1307,PU,Trunk/Principal Road
A5191,PU,Trunk/Principal Road
A4232,TR,Trunk/Principal Road
A915,PR,Trunk/Principal Road
A78,TR,Trunk/Principal Road
A332,PU,Trunk/Principal Road
A4260,PU,Trunk/Principal Road
A342,PU,Trunk/Principal Road
A230,PU,Trunk/Principal Road
A310,PU,Trunk/Principal Road
A1023,PU,Trunk/Principal Road
A646,TU,Trunk/Principal Road
A1105,PU,Trunk/Principal Road
A1246,PR,Trunk/Principal Road
A703,PR,Trunk/Principal Road
A710,PR,Trunk/Principal Road
A915,PU,Trunk/Principal Road
A975,PR,Trunk/Principal Road
A1080,PU,Trunk/Principal Road
A142,PR,Trunk/Principal Road
A43,PR,Trunk/Principal Road
A830,TU,Trunk/Principal Road
A989,PU,Trunk/Principal Road
A6124,PU,Trunk/Principal Road
A30,PR,Trunk/Principal Road
A2100,PR,Trunk/Principal Road
A299,PR,Trunk/Principal Road
A326,PR,Trunk/Principal Road
A3280,PU,Trunk/Principal Road
A1152,PR,Trunk/Principal Road
A132,PR,Trunk/Principal Road
A421,TR,Trunk/Principal Road
A6135,PR,Trunk/Principal Road
A6120,PU,Trunk/Principal Road
A6131,PR,Trunk/Principal Road
A463,PU,Trunk/Principal Road
A702,PR,Trunk/Principal Road
A904,PU,Trunk/Principal Road
A876,TR,Trunk/Principal Road
A404,PU,Trunk/Principal Road
A282,TR,Trunk/Principal Road
A586,PU,Trunk/Principal Road
A504,PU,Trunk/Principal Road
A1003,PU,Trunk/Principal Road
A1090,PU,Trunk/Principal Road
A5004,PU,Trunk/Principal Road
A508,TU,Trunk/Principal Road
A489,PR,Trunk/Principal Road
A4123,TU,Trunk/Principal Road
A91,PR,Trunk/Principal Road
A921,PR,Trunk/Principal Road
A716,PR,Trunk/Principal Road
A759,PU,Trunk/Principal Road
A4129,PR,Trunk/Principal Road
M65,PM,Motorways
A669,PR,Trunk/Principal Road
A6175,PU,Trunk/Principal Road
A684,PR,Trunk/Principal Road
A456,TU,Trunk/Principal Road
A527,PU,Trunk/Principal Road
A4215,PR,Trunk/Principal Road
A912,PU,Trunk/Principal Road
A259,PU,Trunk/Principal Road
A4010,PU,Trunk/Principal Road
A577,PR,Trunk/Principal Road
A6044,PU,Trunk/Principal Road
A559,PR,Trunk/Principal Road
A5051,PU,Trunk/Principal Road
A5139,PU,Trunk/Principal Road
A6514,TU,Trunk/Principal Road
A5460,PR,Trunk/Principal Road
A6005,PR,Trunk/Principal Road
A19,TR,Trunk/Principal Road
A3400,PU,Trunk/Principal Road
A4040,PU,Trunk/Principal Road
A4219,PR,Trunk/Principal Road
A26,PR,Trunk/Principal Road
A4158,PU,Trunk/Principal Road
A335,PR,Trunk/Principal Road
A2219,PU,Trunk/Principal Road
A5149,PU,Trunk/Principal Road
A6119,PR,Trunk/Principal Road
A536,PR,Trunk/Principal Road
A688,PR,Trunk/Principal Road
A1114,PU,Trunk/Principal Road
A5200,PU,Trunk/Principal Road
A216,PU,Trunk/Principal Road
A2214,PU,Trunk/Principal Road
A65,TR,Trunk/Principal Road
A629,PR,Trunk/Principal Road
A4169,PR,Trunk/Principal Road
A5182,PR,Trunk/Principal Road
A497,PR,Trunk/Principal Road
A4226,PR,Trunk/Principal Road
A4241,PU,Trunk/Principal Road
A713,PR,Trunk/Principal Road
A865,PR,Trunk/Principal Road
A944,PR,Trunk/Principal Road
A986,PR,Trunk/Principal Road
A728,PU,Trunk/Principal Road
A32,PU,Trunk/Principal Road
A1242,PU,Trunk/Principal Road
A6129,PU,Trunk/Principal Road
A447,PR,Trunk/Principal Road
A637,PR,Trunk/Principal Road
A4104,PR,Trunk/Principal Road
A547,PU,Trunk/Principal Road
A823,PU,Trunk/Principal Road
A285,PR,Trunk/Principal Road
A4146,PU,Trunk/Principal Road
A503,PU,Trunk/Principal Road
A4147,PR,Trunk/Principal Road
A6038,PR,Trunk/Principal Road
A523,TR,Trunk/Principal Road
A423,TR,Trunk/Principal Road
A49,PR,Trunk/Principal Road
A542,PR,Trunk/Principal Road
A956,PU,Trunk/Principal Road
A830,TR,Trunk/Principal Road
A3010,PU,Trunk/Principal Road
A530,PR,Trunk/Principal Road
A552,PU,Trunk/Principal Road
A1134,PU,Trunk/Principal Road
A1066,PR,Trunk/Principal Road
A614,PR,Trunk/Principal Road
A171,PU,Trunk/Principal Road
A1136,PR,Trunk/Principal Road
A6055,PU,Trunk/Principal Road
A4390,PR,Trunk/Principal Road
A862,PR,Trunk/Principal Road
A824,PR,Trunk/Principal Road
A226,PR,Trunk/Principal Road
A5066,PU,Trunk/Principal Road
A5209,PR,Trunk/Principal Road
A178,PU,Trunk/Principal Road
A236,PU,Trunk/Principal Road
A1208,PU,Trunk/Principal Road
A129,PR,Trunk/Principal Road
A1013,PU,Trunk/Principal Road
A1434,PU,Trunk/Principal Road
A611,PR,Trunk/Principal Road
A628,PR,Trunk/Principal Road
A64,TU,Trunk/Principal Road
A41,PR,Trunk/Principal Road
M6Toll,TM,Motorways
A489,TR,Trunk/Principal Road
A85,TR,Trunk/Principal Road
A6137,PR,Trunk/Principal Road
A723,PR,Trunk/Principal Road
A717,PU,Trunk/Principal Road
A303,TR,Trunk/Principal Road
A325,PU,Trunk/Principal Road
A286,PU,Trunk/Principal Road
A242,PU,Trunk/Principal Road
A193,PU,Trunk/Principal Road
A1083,PU,Trunk/Principal Road
A4202,PU,Trunk/Principal Road
A5460,PU,Trunk/Principal Road
A452,PU,Trunk/Principal Road
A527,PR,Trunk/Principal Road
A4254,PU,Trunk/Principal Road
A4107,PU,Trunk/Principal Road
A469,PR,Trunk/Principal Road
A985,TR,Trunk/Principal Road
A75,TU,Trunk/Principal Road
A909,PU,Trunk/Principal Road
A268,PR,Trunk/Principal Road
A1037,PU,Trunk/Principal Road
A1184,PR,Trunk/Principal Road
A6175,PR,Trunk/Principal Road
A466,PR,Trunk/Principal Road
A747,PR,Trunk/Principal Road
M23,TM,Motorways
A3290,PR,Trunk/Principal Road
A4,TU,Trunk/Principal Road
A6062,PU,Trunk/Principal Road
A5020,PR,Trunk/Principal Road
A5033,PU,Trunk/Principal Road
A186,PR,Trunk/Principal Road
A6105,PU,Trunk/Principal Road
A12,TU,Trunk/Principal Road
A203,PU,Trunk/Principal Road
A1012,PU,Trunk/Principal Road
A61,TU,Trunk/Principal Road
A151,PU,Trunk/Principal Road
A4501,PU,Trunk/Principal Road
A1039,PR,Trunk/Principal Road
A4126,PU,Trunk/Principal Road
A5005,PU,Trunk/Principal Road
A70,PR,Trunk/Principal Road
A72,PR,Trunk/Principal Road
A882,PR,Trunk/Principal Road
A935,PU,Trunk/Principal Road
A106,PU,Trunk/Principal Road
A507,PR,Trunk/Principal Road
A1025,PU,Trunk/Principal Road
A414,TR,Trunk/Principal Road
A6118,PR,Trunk/Principal Road
A17,TR,Trunk/Principal Road
A1082,PR,Trunk/Principal Road
A6514,PU,Trunk/Principal Road
A167,PR,Trunk/Principal Road
A634,PU,Trunk/Principal Road
A4034,PU,Trunk/Principal Road
A546,PR,Trunk/Principal Road
A4230,PR,Trunk/Principal Road
A96,TR,Trunk/Principal Road
A259,TU,Trunk/Principal Road
A2045,PU,Trunk/Principal Road
A5018,PU,Trunk/Principal Road
M6,TR,Motorways
A1290,PU,Trunk/Principal Road
A12,PU,Trunk/Principal Road
A13,PR,Trunk/Principal Road
A514,PR,Trunk/Principal Road
A517,PU,Trunk/Principal Road
A43,TU,Trunk/Principal Road
A6191,PR,Trunk/Principal Road
A660,PU,Trunk/Principal Road
A4086,PR,Trunk/Principal Road
A4106,PU,Trunk/Principal Road
A83,TR,Trunk/Principal Road
A719,PR,Trunk/Principal Road
A705,PR,Trunk/Principal Road
A709,PU,Trunk/Principal Road
A412,PU,Trunk/Principal Road
A4020,PR,Trunk/Principal Road
A5085,PU,Trunk/Principal Road
A5117,PR,Trunk/Principal Road
M65,TM,Motorways
A696,TR,Trunk/Principal Road
A690,PU,Trunk/Principal Road
A3220,PU,Trunk/Principal Road
A5201,PU,Trunk/Principal Road
A13,TR,Trunk/Principal Road
A158,PR,Trunk/Principal Road
A1033,PR,Trunk/Principal Road
A520,PR,Trunk/Principal Road
A493,PR,Trunk/Principal Road
A4217,PU,Trunk/Principal Road
A867,PR,Trunk/Principal Road
A940,PR,Trunk/Principal Road
A955,PR,Trunk/Principal Road
A2010,PU,Trunk/Principal Road
A666,PU,Trunk/Principal Road
A5019,PU,Trunk/Principal Road
A5095,PR,Trunk/Principal Road
A116,PU,Trunk/Principal Road
A516,TR,Trunk/Principal Road
A6020,PR,Trunk/Principal Road
A62,PU,Trunk/Principal Road
A160,TR,Trunk/Principal Road
A4097,PR,Trunk/Principal Road
A4055,PU,Trunk/Principal Road
A810,PU,Trunk/Principal Road
A8,TU,Trunk/Principal Road
A914,PR,Trunk/Principal Road
A752,PU,Trunk/Principal Road
A8003,PR,Trunk/Principal Road
A823(M),TM,Motorways
A2018,PU,Trunk/Principal Road
A217,PR,Trunk/Principal Road
A285,PU,Trunk/Principal Road
A227,TR,Trunk/Principal Road
A626,PU,Trunk/Principal Road
A176,PU,Trunk/Principal Road
A157,PR,Trunk/Principal Road
A6004,PU,Trunk/Principal Road
A1133,PR,Trunk/Principal Road
A640,PR,Trunk/Principal Road
A5156,PU,Trunk/Principal Road
A735,PR,Trunk/Principal Road
A2270,PU,Trunk/Principal Road
A3095,PR,Trunk/Principal Road
A1056,PU,Trunk/Principal Road
A1027,PU,Trunk/Principal Road
A4251,PU,Trunk/Principal Road
A4178,PU,Trunk/Principal Road
A6464,PU,Trunk/Principal Road
A1029,PU,Trunk/Principal Road
A6142,PU,Trunk/Principal Road
A4189,PU,Trunk/Principal Road
A4075,PR,Trunk/Principal Road
A4281,PU,Trunk/Principal Road
A8000,PR,Trunk/Principal Road
A77,TU,Trunk/Principal Road
A848,PR,Trunk/Principal Road
A255,PU,Trunk/Principal Road
A330,PU,Trunk/Principal Road
A293,PU,Trunk/Principal Road
A5144,PU,Trunk/Principal Road
A6052,PR,Trunk/Principal Road
A1085,PR,Trunk/Principal Road
A316,PU,Trunk/Principal Road
A5207,PU,Trunk/Principal Road
A5049,PU,Trunk/Principal Road
A1070,PU,Trunk/Principal Road
A490,PR,Trunk/Principal Road
A5011,TU,Trunk/Principal Road
A5159,TR,Trunk/Principal Road
A4042,TU,Trunk/Principal Road
A85,PR,Trunk/Principal Road
A82,PR,Trunk/Principal Road
A2022,PU,Trunk/Principal Road
A258,PR,Trunk/Principal Road
A249,TU,Trunk/Principal Road
A4421,PU,Trunk/Principal Road
A56,TU,Trunk/Principal Road
A6177,PR,Trunk/Principal Road
A5087,PR,Trunk/Principal Road
A178,PR,Trunk/Principal Road
A104,PR,Trunk/Principal Road
A5141,PU,Trunk/Principal Road
A113,PR,Trunk/Principal Road
A57,PR,Trunk/Principal Road
A630,PR,Trunk/Principal Road
A63,PR,Trunk/Principal Road
A470,TU,Trunk/Principal Road
A770,PR,Trunk/Principal Road
M77,TM,Motorways
A720,PR,Trunk/Principal Road
A4095,PR,Trunk/Principal Road
A328,PR,Trunk/Principal Road
A261,PU,Trunk/Principal Road
A565,TR,Trunk/Principal Road
A597,TR,Trunk/Principal Road
A570,PR,Trunk/Principal Road
A580,PR,Trunk/Principal Road
A5202,PU,Trunk/Principal Road
A3217,PU,Trunk/Principal Road
A1261,PU,Trunk/Principal Road
A14(M),TM,Motorways
A5005,PR,Trunk/Principal Road
A472,PR,Trunk/Principal Road
A4233,PU,Trunk/Principal Road
A261,PR,Trunk/Principal Road
A320,PU,Trunk/Principal Road
A272,TR,Trunk/Principal Road
A681,PU,Trunk/Principal Road
A111,PR,Trunk/Principal Road
A1089,TR,Trunk/Principal Road
A6005,PU,Trunk/Principal Road
A525,PR,Trunk/Principal Road
A93,PU,Trunk/Principal Road
A749,PU,Trunk/Principal Road
A700,PU,Trunk/Principal Road
A88,PR,Trunk/Principal Road
A282,TU,Trunk/Principal Road
M602,TM,Motorways
A5209,PU,Trunk/Principal Road
A184,PU,Trunk/Principal Road
A312,PU,Trunk/Principal Road
A5029,PU,Trunk/Principal Road
A6116,PR,Trunk/Principal Road
A60,PU,Trunk/Principal Road
A659,PU,Trunk/Principal Road
A435,PU,Trunk/Principal Road
A531,PR,Trunk/Principal Road
A548,PR,Trunk/Principal Road
A5119,PR,Trunk/Principal Road
A929,PU,Trunk/Principal Road
A23,TU,Trunk/Principal Road
A663,TR,Trunk/Principal Road
A661,PR,Trunk/Principal Road
A19,PR,Trunk/Principal Road
A639,PR,Trunk/Principal Road
A58,PM,Trunk/Principal Road
A74,PR,Trunk/Principal Road
A308,PU,Trunk/Principal Road
A3,TM,Trunk/Principal Road
A36,TR,Trunk/Principal Road
A2280,PU,Trunk/Principal Road
A6048,PU,Trunk/Principal Road
A696,PU,Trunk/Principal Road
A301,PU,Trunk/Principal Road
A1304,PR,Trunk/Principal Road
A143,PU,Trunk/Principal Road
A1301,PU,Trunk/Principal Road
A6520,PU,Trunk/Principal Road
A607,PU,Trunk/Principal Road
A6117,PU,Trunk/Principal Road
A614,TR,Trunk/Principal Road
A4026,PU,Trunk/Principal Road
A4058,PR,Trunk/Principal Road
A4058,PU,Trunk/Principal Road
A722,PU,Trunk/Principal Road
A771,PU,Trunk/Principal Road
M27,TM,Motorways
A273,PR,Trunk/Principal Road
A3095,PU,Trunk/Principal Road
A183,PU,Trunk/Principal Road
A3213,PU,Trunk/Principal Road
A1237,PU,Trunk/Principal Road
A483,PU,Trunk/Principal Road
A4076,TR,Trunk/Principal Road
A9,TR,Trunk/Principal Road
A827,PR,Trunk/Principal Road
A855,PR,Trunk/Principal Road
A597,TU,Trunk/Principal Road
A109,PU,Trunk/Principal Road
A1067,PU,Trunk/Principal Road
A1184,PU,Trunk/Principal Road
A607,PR,Trunk/Principal Road
A4538,PR,Trunk/Principal Road
M50,TM,Motorways
A4059,PU,Trunk/Principal Road
A90,TU,Trunk/Principal Road
A831,PR,Trunk/Principal Road
A6018,PU,Trunk/Principal Road
A1211,PU,Trunk/Principal Road
A658,PU,Trunk/Principal Road
A646,PU,Trunk/Principal Road
A1238,PU,Trunk/Principal Road
A660,PR,Trunk/Principal Road
A515,PR,Trunk/Principal Road
A898,TR,Trunk/Principal Road
A768,PU,Trunk/Principal Road
A4130,PU,Trunk/Principal Road
M58,TM,Motorways
A172,PU,Trunk/Principal Road
A298,PU,Trunk/Principal Road
A3204,PU,Trunk/Principal Road
A120,TR,Trunk/Principal Road
A146,PU,Trunk/Principal Road
A508,PU,Trunk/Principal Road
A438,PR,Trunk/Principal Road
A426,PR,Trunk/Principal Road
A5025,PR,Trunk/Principal Road
A4051,PR,Trunk/Principal Road
M80,TM,Motorways
A283,PR,Trunk/Principal Road
A308,PR,Trunk/Principal Road
A317,PR,Trunk/Principal Road
A5130,PR,Trunk/Principal Road
A2990,PR,Trunk/Principal Road
A1171,PR,Trunk/Principal Road
A3202,PU,Trunk/Principal Road
A38,TM,Trunk/Principal Road
A942,PR,Trunk/Principal Road
A319,PR,Trunk/Principal Road
A249,PR,Trunk/Principal Road
A1231,PR,Trunk/Principal Road
A1147,PR,Trunk/Principal Road
A2198,PU,Trunk/Principal Road
A126,PU,Trunk/Principal Road
A1321,PU,Trunk/Principal Road
A6107,PU,Trunk/Principal Road
A6177,PU,Trunk/Principal Road
A6102,PR,Trunk/Principal Road
A1041,PU,Trunk/Principal Road
A452,TU,Trunk/Principal Road
A803,PR,Trunk/Principal Road
A923,PU,Trunk/Principal Road
A1058,PU,Trunk/Principal Road
A1018,PR,Trunk/Principal Road
A10,PU,Trunk/Principal Road
A4180,PR,Trunk/Principal Road
A5040,PU,Trunk/Principal Road
A1198,PR,Trunk/Principal Road
A6009,PU,Trunk/Principal Road
A168,PU,Trunk/Principal Road
A924,PR,Trunk/Principal Road
A260,PU,Trunk/Principal Road
A296,PR,Trunk/Principal Road
A251,PU,Trunk/Principal Road
A576,PU,Trunk/Principal Road
A5042,PU,Trunk/Principal Road
A5199,PR,Trunk/Principal Road
A6016,PU,Trunk/Principal Road
A4500,PR,Trunk/Principal Road
A52,PR,Trunk/Principal Road
A4390,PU,Trunk/Principal Road
A4101,PU,Trunk/Principal Road
A4536,TR,Trunk/Principal Road
A455,PR,Trunk/Principal Road
A7,PU,Trunk/Principal Road
A817,PR,Trunk/Principal Road
A768,PR,Trunk/Principal Road
A226,PU,Trunk/Principal Road
A321,PR,Trunk/Principal Road
A5094,PU,Trunk/Principal Road
A5271,PR,Trunk/Principal Road
A5034,PR,Trunk/Principal Road
A685,PU,Trunk/Principal Road
A214,PU,Trunk/Principal Road
A1141,PR,Trunk/Principal Road
A1089,PU,Trunk/Principal Road
A156,PU,Trunk/Principal Road
A6183,PR,Trunk/Principal Road
A417,PR,Trunk/Principal Road
M42,TM,Motorways
A8,PR,Trunk/Principal Road
A73,PU,Trunk/Principal Road
A84,PU,Trunk/Principal Road
A287,PR,Trunk/Principal Road
A5186,PU,Trunk/Principal Road
A59,TU,Trunk/Principal Road
A6,TR,Trunk/Principal Road
A5509,PU,Trunk/Principal Road
A211,PU,Trunk/Principal Road
A146,PR,Trunk/Principal Road
A1062,PR,Trunk/Principal Road
A5065,PR,Trunk/Principal Road
A1341,PR,Trunk/Principal Road
A451,PU,Trunk/Principal Road
A911,PR,Trunk/Principal Road
A950,PR,Trunk/Principal Road
A712,PR,Trunk/Principal Road
A251,PR,Trunk/Principal Road
A3100,PU,Trunk/Principal Road
A43,TR,Trunk/Principal Road
A5093,PR,Trunk/Principal Road
A130,PR,Trunk/Principal Road
A448,PU,Trunk/Principal Road
A73,PR,Trunk/Principal Road
A993,PU,Trunk/Principal Road
A2011,PR,Trunk/Principal Road
A6010,PU,Trunk/Principal Road
A678,PU,Trunk/Principal Road
A5284,PR,Trunk/Principal Road
A6042,PU,Trunk/Principal Road
A573,PU,Trunk/Principal Road
A1231,PU,Trunk/Principal Road
A1167,PU,Trunk/Principal Road
A5054,PU,Trunk/Principal Road
A6200,PU,Trunk/Principal Road
A4536,PR,Trunk/Principal Road
A486,PR,Trunk/Principal Road
A4159,PR,Trunk/Principal Road
A26,PU,Trunk/Principal Road
A317,PU,Trunk/Principal Road
A500,PU,Trunk/Principal Road
A186,PU,Trunk/Principal Road
A1305,PU,Trunk/Principal Road
A181,PU,Trunk/Principal Road
A402,PU,Trunk/Principal Road
A1307,PR,Trunk/Principal Road
A427,PR,Trunk/Principal Road
A517,PR,Trunk/Principal Road
A624,PR,Trunk/Principal Road
A156,PR,Trunk/Principal Road
A1176,PU,Trunk/Principal Road
A511,PU,Trunk/Principal Road
M73,TM,Motorways
A413,PR,Trunk/Principal Road
A2,PR,Trunk/Principal Road
A243,PR,Trunk/Principal Road
A1172,PU,Trunk/Principal Road
A196,PR,Trunk/Principal Road
A1200,PU,Trunk/Principal Road
A1400,TU,Trunk/Principal Road
A14,TU,Trunk/Principal Road
A1095,PR,Trunk/Principal Road
M1,PR,Motorways
A1260,PR,Trunk/Principal Road
A1090,PR,Trunk/Principal Road
A1243,PR,Trunk/Principal Road
A6187,PR,Trunk/Principal Road
A426,PU,Trunk/Principal Road
A453,PU,Trunk/Principal Road
A519,PU,Trunk/Principal Road
A448,PR,Trunk/Principal Road
A528,PU,Trunk/Principal Road
A804,PU,Trunk/Principal Road
A859,PR,Trunk/Principal Road
A833,PR,Trunk/Principal Road
A3013,PU,Trunk/Principal Road
A590,TR,Trunk/Principal Road
A571,PU,Trunk/Principal Road
A1207,PU,Trunk/Principal Road
A1139,PU,Trunk/Principal Road
A6121,PR,Trunk/Principal Road
A618,PR,Trunk/Principal Road
A450,PR,Trunk/Principal Road
A4064,PR,Trunk/Principal Road
A967,PR,Trunk/Principal Road
A721,PU,Trunk/Principal Road
A291,PR,Trunk/Principal Road
A663,TU,Trunk/Principal Road
A5020,PU,Trunk/Principal Road
A695,PR,Trunk/Principal Road
A1172,PR,Trunk/Principal Road
A105,PU,Trunk/Principal Road
A235,PU,Trunk/Principal Road
A508,PR,Trunk/Principal Road
A643,PU,Trunk/Principal Road
A4189,PR,Trunk/Principal Road
A5026,PU,Trunk/Principal Road
M3,TM,Motorways
A295,PU,Trunk/Principal Road
M26,TM,Motorways
A3023,PU,Trunk/Principal Road
A257,PR,Trunk/Principal Road
A664,PU,Trunk/Principal Road
A585,TU,Trunk/Principal Road
A5028,TR,Trunk/Principal Road
A459,PU,Trunk/Principal Road
A499,PR,Trunk/Principal Road
A5152,PR,Trunk/Principal Road
A886,PR,Trunk/Principal Road
A96,TU,Trunk/Principal Road
A98,PU,Trunk/Principal Road
A575,PU,Trunk/Principal Road
A6018,PR,Trunk/Principal Road
A5301,PU,Trunk/Principal Road
A187,PU,Trunk/Principal Road
A1061,PU,Trunk/Principal Road
A191,PR,Trunk/Principal Road
A2212,PU,Trunk/Principal Road
A1011,PU,Trunk/Principal Road
A1005,PU,Trunk/Principal Road
A5030,PU,Trunk/Principal Road
A5300,PR,Trunk/Principal Road
A134,PR,Trunk/Principal Road
A6086,PR,Trunk/Principal Road
A687,PR,Trunk/Principal Road
A162,TR,Trunk/Principal Road
A81,PU,Trunk/Principal Road
A199,PR,Trunk/Principal Road
A910,PR,Trunk/Principal Road
A286,PR,Trunk/Principal Road
A4007,PR,Trunk/Principal Road
A537,PR,Trunk/Principal Road
A5184,PU,Trunk/Principal Road
A584,PR,Trunk/Principal Road
A565,PR,Trunk/Principal Road
A569,PU,Trunk/Principal Road
A645,PR,Trunk/Principal Road
A65,TU,Trunk/Principal Road
A659,TR,Trunk/Principal Road
A4400,PU,Trunk/Principal Road
A4124,PU,Trunk/Principal Road
A4098,PU,Trunk/Principal Road
A902,PU,Trunk/Principal Road
A281,PR,Trunk/Principal Road
A2033,PU,Trunk/Principal Road
A342,PR,Trunk/Principal Road
A1006,PU,Trunk/Principal Road
A461,PU,Trunk/Principal Road
A40,TR,Trunk/Principal Road
A5190,PR,Trunk/Principal Road
A5272,PU,Trunk/Principal Road
A4143,PU,Trunk/Principal Road
A92,TR,Trunk/Principal Road
A93,PR,Trunk/Principal Road
A71,PU,Trunk/Principal Road
A2025,PU,Trunk/Principal Road
A5063,PU,Trunk/Principal Road
A4089,PU,Trunk/Principal Road
A5036,PU,Trunk/Principal Road
A617,PR,Trunk/Principal Road
A164,PU,Trunk/Principal Road
M181,TM,Motorways
A625,PU,Trunk/Principal Road
A442,PR,Trunk/Principal Road
A4042,TR,Trunk/Principal Road
A541,PU,Trunk/Principal Road
A40,PU,Trunk/Principal Road
A820,PR,Trunk/Principal Road
A919,PR,Trunk/Principal Road
A20,PU,Trunk/Principal Road
A335,PU,Trunk/Principal Road
A5145,PU,Trunk/Principal Road
A585,PR,Trunk/Principal Road
A188,PU,Trunk/Principal Road
A193,PR,Trunk/Principal Road
A5089,PU,Trunk/Principal Road
A1021,PU,Trunk/Principal Road
A516,PU,Trunk/Principal Road
A1(T),TR,Trunk/Principal Road
A449,PU,Trunk/Principal Road
A4169,PU,Trunk/Principal Road
A5008,PU,Trunk/Principal Road
A4097,PU,Trunk/Principal Road
A92,PU,Trunk/Principal Road
A847,PR,Trunk/Principal Road
A858,PR,Trunk/Principal Road
A745,PR,Trunk/Principal Road
A877,PU,Trunk/Principal Road
A249,TR,Trunk/Principal Road
A3046,PR,Trunk/Principal Road
A233,PR,Trunk/Principal Road
A54,PU,Trunk/Principal Road
A6003,PR,Trunk/Principal Road
A5012,PR,Trunk/Principal Road
A617,PU,Trunk/Principal Road
A5193,PU,Trunk/Principal Road
A162,TU,Trunk/Principal Road
A51,PR,Trunk/Principal Road
A428,PR,Trunk/Principal Road
A5064,PU,Trunk/Principal Road
A550,TR,Trunk/Principal Road
A82,PU,Trunk/Principal Road
M876,TM,Motorways
A259,TR,Trunk/Principal Road
A2220,PU,Trunk/Principal Road
A5084,PR,Trunk/Principal Road
A6172,PU,Trunk/Principal Road
A1042,PR,Trunk/Principal Road
A553,PU,Trunk/Principal Road
A1075,PR,Trunk/Principal Road
A6011,PU,Trunk/Principal Road
A659,PR,Trunk/Principal Road
A1029,PR,Trunk/Principal Road
A64M,PM,Motorways
A444,PU,Trunk/Principal Road
A4114,PU,Trunk/Principal Road
A78,TU,Trunk/Principal Road
A229,PU,Trunk/Principal Road
A2220,PR,Trunk/Principal Road
A3056,PU,Trunk/Principal Road
A5082,PU,Trunk/Principal Road
A6076,PU,Trunk/Principal Road
A4300,PR,Trunk/Principal Road
A1084,PR,Trunk/Principal Road
A5,PU,Trunk/Principal Road
A572,PU,Trunk/Principal Road
A4067,PU,Trunk/Principal Road
A905,PU,Trunk/Principal Road
M74,TM,Motorways
A416,PU,Trunk/Principal Road
A557,PU,Trunk/Principal Road
A571,PR,Trunk/Principal Road
A696,TU,Trunk/Principal Road
A407,PU,Trunk/Principal Road
A526,PU,Trunk/Principal Road
A638,PR,Trunk/Principal Road
A6186,PU,Trunk/Principal Road
A6182,PU,Trunk/Principal Road
A159,PR,Trunk/Principal Road
A5121,PU,Trunk/Principal Road
A70,PU,Trunk/Principal Road
A813,PU,Trunk/Principal Road
A21,PU,Trunk/Principal Road
A3093,PU,Trunk/Principal Road
A5032,PU,Trunk/Principal Road
A194,PU,Trunk/Principal Road
A1052,PU,Trunk/Principal Road
A179,PU,Trunk/Principal Road
A2199,PU,Trunk/Principal Road
A4303,PR,Trunk/Principal Road
A6035,PU,Trunk/Principal Road
A4281,PR,Trunk/Principal Road
A737,TU,Trunk/Principal Road
A775,PU,Trunk/Principal Road
A4,TR,Trunk/Principal Road
A167,TU,Trunk/Principal Road
A3063,PU,Trunk/Principal Road
A201,TU,Trunk/Principal Road
A16,PU,Trunk/Principal Road
A6023,PU,Trunk/Principal Road
A4136,PR,Trunk/Principal Road
A6124,PR,Trunk/Principal Road
A321,PU,Trunk/Principal Road
A690,PR,Trunk/Principal Road
A3002,PU,Trunk/Principal Road
A4145,PR,Trunk/Principal Road
A6130,PU,Trunk/Principal Road
A1500,PR,Trunk/Principal Road
A59,PU,Trunk/Principal Road
A1237,TR,Trunk/Principal Road
A616,PR,Trunk/Principal Road
A4029,PU,Trunk/Principal Road
A4139,PR,Trunk/Principal Road
A4047,PU,Trunk/Principal Road
A55,TU,Trunk/Principal Road
A68,TR,Trunk/Principal Road
A921,PU,Trunk/Principal Road
A809,PR,Trunk/Principal Road
A283,PU,Trunk/Principal Road
A588,PR,Trunk/Principal Road
A6051,PR,Trunk/Principal Road
A567,PU,Trunk/Principal Road
A4008,PR,Trunk/Principal Road
A608,PR,Trunk/Principal Road
A6116,PU,Trunk/Principal Road
A6192,PR,Trunk/Principal Road
A653,PU,Trunk/Principal Road
A1246,TR,Trunk/Principal Road
A4068,PR,Trunk/Principal Road
A68,TU,Trunk/Principal Road
A718,PR,Trunk/Principal Road
A96,PU,Trunk/Principal Road
A725,TR,Trunk/Principal Road
A290,PU,Trunk/Principal Road
A669,PU,Trunk/Principal Road
A6144,PR,Trunk/Principal Road
M67,TM,Motorways
A670,PR,Trunk/Principal Road
M56,PM,Motorways
A12,TR,Trunk/Principal Road
A1013,PR,Trunk/Principal Road
A1158,PU,Trunk/Principal Road
A515,PU,Trunk/Principal Road
A174,PR,Trunk/Principal Road
A6024,PR,Trunk/Principal Road
A5064,PR,Trunk/Principal Road
A4081,PR,Trunk/Principal Road
M8,TM,Motorways
A819,PR,Trunk/Principal Road
A837,PR,Trunk/Principal Road
A720,TR,Trunk/Principal Road
A35,PU,Trunk/Principal Road
A4095,PU,Trunk/Principal Road
A2031,PU,Trunk/Principal Road
M275,PM,Motorways
A533,PR,Trunk/Principal Road
A675,PR,Trunk/Principal Road
A302,PU,Trunk/Principal Road
A297,PU,Trunk/Principal Road
A1096,PR,Trunk/Principal Road
A1165,PU,Trunk/Principal Road
A446,TU,Trunk/Principal Road
A4535,PU,Trunk/Principal Road
A4242,PU,Trunk/Principal Road
A932,PR,Trunk/Principal Road
A933,PU,Trunk/Principal Road
A6072,PU,Trunk/Principal Road
A223,PU,Trunk/Principal Road
A4007,PU,Trunk/Principal Road
A5090,PU,Trunk/Principal Road
A1073,PR,Trunk/Principal Road
A606,TR,Trunk/Principal Road
A57,PU,Trunk/Principal Road
A730,PU,Trunk/Principal Road
A977,PR,Trunk/Principal Road
A4142,PU,Trunk/Principal Road
A3046,PU,Trunk/Principal Road
A36,PR,Trunk/Principal Road
A627,TM,Trunk/Principal Road
A315,PU,Trunk/Principal Road
A21,PR,Trunk/Principal Road
A128,PU,Trunk/Principal Road
A141,PR,Trunk/Principal Road
A47,TU,Trunk/Principal Road
A5111,PU,Trunk/Principal Road
A5270,PR,Trunk/Principal Road
A5128,PR,Trunk/Principal Road
A6022,PU,Trunk/Principal Road
A449,PR,Trunk/Principal Road
A884,PR,Trunk/Principal Road
A2047,PU,Trunk/Principal Road
A23,PU,Trunk/Principal Road
A673,PU,Trunk/Principal Road
A5053,PU,Trunk/Principal Road
A456,PR,Trunk/Principal Road
A4600,PR,Trunk/Principal Road
A5104,PR,Trunk/Principal Road
A88,PU,Trunk/Principal Road
A244,PU,Trunk/Principal Road
A23,TR,Trunk/Principal Road
A2050,PR,Trunk/Principal Road
A269,PR,Trunk/Principal Road
A6,PR,Trunk/Principal Road
A179,PR,Trunk/Principal Road
A3211,PU,Trunk/Principal Road
A6008,PU,Trunk/Principal Road
A1103,PR,Trunk/Principal Road
A618,PU,Trunk/Principal Road
A5127,PR,Trunk/Principal Road
A485,PR,Trunk/Principal Road
A4233,PR,Trunk/Principal Road
A80,PR,Trunk/Principal Road
A3055,PU,Trunk/Principal Road
A225,PR,Trunk/Principal Road
A337,PU,Trunk/Principal Road
A556,PR,Trunk/Principal Road
A500,PR,Trunk/Principal Road
A191,PU,Trunk/Principal Road
A207,PU,Trunk/Principal Road
A4206,PU,Trunk/Principal Road
A6141,PR,Trunk/Principal Road
A1237,PR,Trunk/Principal Road
A57,TU,Trunk/Principal Road
A477,PR,Trunk/Principal Road
A938,PR,Trunk/Principal Road
A227,PR,Trunk/Principal Road
A33,TR,Trunk/Principal Road
A6053,PR,Trunk/Principal Road
A5061,PU,Trunk/Principal Road
A5098,PU,Trunk/Principal Road
A147,PU,Trunk/Principal Road
A46,TR,Trunk/Principal Road
A51,PU,Trunk/Principal Road
A4112,PR,Trunk/Principal Road
A5148,PR,Trunk/Principal Road
A465,TR,Trunk/Principal Road
A4444,PU,Trunk/Principal Road
A4049,PU,Trunk/Principal Road
A971,PR,Trunk/Principal Road
A3021,PR,Trunk/Principal Road
A6,PU,Trunk/Principal Road
A680,PU,Trunk/Principal Road
M55,PR,Motorways
A6115,PU,Trunk/Principal Road
A2218,PU,Trunk/Principal Road
A3000,PU,Trunk/Principal Road
A4209,PU,Trunk/Principal Road
A58,PR,Trunk/Principal Road
A66,TM,Trunk/Principal Road
A932,PU,Trunk/Principal Road
A2030,PU,Trunk/Principal Road
A260,PR,Trunk/Principal Road
A1032,PU,Trunk/Principal Road
A602,PU,Trunk/Principal Road
A1060,PU,Trunk/Principal Road
A4256,PU,Trunk/Principal Road
A614,PU,Trunk/Principal Road
A169,PR,Trunk/Principal Road
A435,TR,Trunk/Principal Road
A5159,PR,Trunk/Principal Road
A4059,PR,Trunk/Principal Road
M9,TM,Motorways
A81,PR,Trunk/Principal Road
A991,PU,Trunk/Principal Road
A8011,PU,Trunk/Principal Road
A746,PR,Trunk/Principal Road
A807,PR,Trunk/Principal Road
A32,PR,Trunk/Principal Road
A1053,PU,Trunk/Principal Road
A239,PU,Trunk/Principal Road
A1156,PR,Trunk/Principal Road
A164,PR,Trunk/Principal Road
A631,TU,Trunk/Principal Road
A446,TR,Trunk/Principal Road
A464,PR,Trunk/Principal Road
A4138,PR,Trunk/Principal Road
M48,TM,Motorways
A253,PR,Trunk/Principal Road
A231,PU,Trunk/Principal Road
A2042,PR,Trunk/Principal Road
A4000,PU,Trunk/Principal Road
A639,PU,Trunk/Principal Road
A649,PU,Trunk/Principal Road
A44,PU,Trunk/Principal Road
A4033,PU,Trunk/Principal Road
A815,PR,Trunk/Principal Road
A908,PU,Trunk/Principal Road
A1140,PU,Trunk/Principal Road
A3100,TR,Trunk/Principal Road
A3218,PU,Trunk/Principal Road
A3209,PU,Trunk/Principal Road
A3210,PU,Trunk/Principal Road
A506,PU,Trunk/Principal Road
A508,TR,Trunk/Principal Road
A6109,PU,Trunk/Principal Road
A1036,PR,Trunk/Principal Road
A425,PU,Trunk/Principal Road
A513,PR,Trunk/Principal Road
A5189,PU,Trunk/Principal Road
A472,PU,Trunk/Principal Road
A706,PR,Trunk/Principal Road
A8006,PU,Trunk/Principal Road
A256,PU,Trunk/Principal Road
A1151,PR,Trunk/Principal Road
A5065,PU,Trunk/Principal Road
A6026,PU,Trunk/Principal Road
A6034,PR,Trunk/Principal Road
A682,PR,Trunk/Principal Road
A1243,PU,Trunk/Principal Road
A4080,PR,Trunk/Principal Road
A4119,PR,Trunk/Principal Road
A775,PR,Trunk/Principal Road
A2014,PU,Trunk/Principal Road
A596,TR,Trunk/Principal Road
A5102,PR,Trunk/Principal Road
A1202,PU,Trunk/Principal Road
A411,PU,Trunk/Principal Road
A1124,PU,Trunk/Principal Road
A1114,PR,Trunk/Principal Road
A1035,PU,Trunk/Principal Road
A61,TR,Trunk/Principal Road
A41,PU,Trunk/Principal Road
A429,PU,Trunk/Principal Road
A4150,PU,Trunk/Principal Road
A4066,PR,Trunk/Principal Road
A543,PR,Trunk/Principal Road
A97,PR,Trunk/Principal Road
A24,PU,Trunk/Principal Road
A5099,PU,Trunk/Principal Road
A5181,PU,Trunk/Principal Road
A1086,PU,Trunk/Principal Road
A1044,PU,Trunk/Principal Road
A117,PU,Trunk/Principal Road
A202,PU,Trunk/Principal Road
A5120,PR,Trunk/Principal Road
A1041,TR,Trunk/Principal Road
A6036,PR,Trunk/Principal Road
A38,PU,Trunk/Principal Road
A5112,PR,Trunk/Principal Road
A470,PR,Trunk/Principal Road
A5071,PU,Trunk/Principal Road
A5086,PR,Trunk/Principal Road
A695,PU,Trunk/Principal Road
A3203,PU,Trunk/Principal Road
A4006,PU,Trunk/Principal Road
A176,PR,Trunk/Principal Road
A6900,PU,Trunk/Principal Road
A6003,PU,Trunk/Principal Road
A15,TR,Trunk/Principal Road
A5,TU,Trunk/Principal Road
A4082,PU,Trunk/Principal Road
A5013,PR,Trunk/Principal Road
A541,PR,Trunk/Principal Road
A84,TR,Trunk/Principal Road
A1107,PR,Trunk/Principal Road
A270,PU,Trunk/Principal Road
A246,PR,Trunk/Principal Road
A592,PR,Trunk/Principal Road
A5116,PU,Trunk/Principal Road
A5068,PU,Trunk/Principal Road
A10,TR,Trunk/Principal Road
A501,PU,Trunk/Principal Road
A2041,PU,Trunk/Principal Road
M11,TM,Motorways
A5095,PU,Trunk/Principal Road
A441,PU,Trunk/Principal Road
A4120,PR,Trunk/Principal Road
A4231,PR,Trunk/Principal Road
A77,PR,Trunk/Principal Road
A274,PR,Trunk/Principal Road
A290,PR,Trunk/Principal Road
A271,PR,Trunk/Principal Road
A4128,PR,Trunk/Principal Road
A4183,PU,Trunk/Principal Road
A5117,TR,Trunk/Principal Road
A5073,PU,Trunk/Principal Road
A238,PU,Trunk/Principal Road
A127,TR,Trunk/Principal Road
A6096,PU,Trunk/Principal Road
A6030,PU,Trunk/Principal Road
A6110,PU,Trunk/Principal Road
A1146,PR,Trunk/Principal Road
M40,TM,Motorways
A423,PR,Trunk/Principal Road
A714,PR,Trunk/Principal Road
A901,PU,Trunk/Principal Road
A90,PU,Trunk/Principal Road
A94,PU,Trunk/Principal Road
A4094,PU,Trunk/Principal Road
A139,PU,Trunk/Principal Road
A215,PU,Trunk/Principal Road
A401,PU,Trunk/Principal Road
A637,PU,Trunk/Principal Road
A443,PU,Trunk/Principal Road
A834,PR,Trunk/Principal Road
A249,PU,Trunk/Principal Road
A343,PR,Trunk/Principal Road
A595,TR,Trunk/Principal Road
A573,PR,Trunk/Principal Road
A5036,TU,Trunk/Principal Road
A1072,PU,Trunk/Principal Road
A138,PR,Trunk/Principal Road
A514,PU,Trunk/Principal Road
A5630,PR,Trunk/Principal Road
A672,PR,Trunk/Principal Road
A1038,PU,Trunk/Principal Road
A1079,PR,Trunk/Principal Road
A491,PU,Trunk/Principal Road
A4046,PU,Trunk/Principal Road
A4119,PU,Trunk/Principal Road
A5114,PR,Trunk/Principal Road
A80,TR,Trunk/Principal Road
A832,PR,Trunk/Principal Road
A851,PR,Trunk/Principal Road
A839,PR,Trunk/Principal Road
A982,PR,Trunk/Principal Road
A327,PU,Trunk/Principal Road
A254,PU,Trunk/Principal Road
A585,TR,Trunk/Principal Road
A558,PU,Trunk/Principal Road
A42,TR,Trunk/Principal Road
A5004,PR,Trunk/Principal Road
A633,PU,Trunk/Principal Road
A6033,PR,Trunk/Principal Road
A16,PR,Trunk/Principal Road
A452,TR,Trunk/Principal Road
A483,TU,Trunk/Principal Road
A4087,PU,Trunk/Principal Road
A198,PR,Trunk/Principal Road
A894,PR,Trunk/Principal Road
A963,PR,Trunk/Principal Road
A993,PR,Trunk/Principal Road
A182,PU,Trunk/Principal Road
A5135,PU,Trunk/Principal Road
A61,PR,Trunk/Principal Road
A635,PR,Trunk/Principal Road
A520,PU,Trunk/Principal Road
A4110,PR,Trunk/Principal Road
A5206,PR,Trunk/Principal Road
M54,TR,Motorways
A923,PR,Trunk/Principal Road
A24,TU,Trunk/Principal Road
A54,TR,Trunk/Principal Road
M55,PM,Motorways
A1167,PR,Trunk/Principal Road
A174,TR,Trunk/Principal Road
A5150,PU,Trunk/Principal Road
A2000,PU,Trunk/Principal Road
A149,PU,Trunk/Principal Road
A4177,PR,Trunk/Principal Road
A4155,PR,Trunk/Principal Road
A5067,PU,Trunk/Principal Road
A677,PU,Trunk/Principal Road
A596,PR,Trunk/Principal Road
A1085,PU,Trunk/Principal Road
A4008,PU,Trunk/Principal Road
A405,TU,Trunk/Principal Road
A1041,PR,Trunk/Principal Road
A65,PR,Trunk/Principal Road
A445,PU,Trunk/Principal Road
A4123,PU,Trunk/Principal Road
A45,PU,Trunk/Principal Road
A4118,PU,Trunk/Principal Road
A4,PU,Trunk/Principal Road
A627,PU,Trunk/Principal Road
A5081,PU,Trunk/Principal Road
A6041,PU,Trunk/Principal Road
A4005,PU,Trunk/Principal Road
A4020,PU,Trunk/Principal Road
A3005,PU,Trunk/Principal Road
A5046,PU,Trunk/Principal Road
A1309,PR,Trunk/Principal Road
A1166,PU,Trunk/Principal Road
A642,PU,Trunk/Principal Road
A656,PU,Trunk/Principal Road
A6068,PU,Trunk/Principal Road
A4225,PU,Trunk/Principal Road
A87,TR,Trunk/Principal Road
A76,TR,Trunk/Principal Road
A84,PR,Trunk/Principal Road
A271,PU,Trunk/Principal Road
A692,PU,Trunk/Principal Road
A167M,PM,Motorways
A5100,PU,Trunk/Principal Road
A5056,PU,Trunk/Principal Road
A6075,PR,Trunk/Principal Road
A43,PU,Trunk/Principal Road
A6013,PR,Trunk/Principal Road
A1033,PU,Trunk/Principal Road
A49,TU,Trunk/Principal Road
A92,PR,Trunk/Principal Road
A808,PU,Trunk/Principal Road
A245,PU,Trunk/Principal Road
A3020,PR,Trunk/Principal Road
A540,PU,Trunk/Principal Road
A2210,PU,Trunk/Principal Road
A5147,PU,Trunk/Principal Road
A5088,PU,Trunk/Principal Road
A137,PR,Trunk/Principal Road
A1075,PU,Trunk/Principal Road
A1245,PR,Trunk/Principal Road
A165,PR,Trunk/Principal Road
A38M,PM,Motorways
A934,PR,Trunk/Principal Road
A918,PU,Trunk/Principal Road
A806,PU,Trunk/Principal Road
A2034,PU,Trunk/Principal Road
A428,TR,Trunk/Principal Road
A680,PR,Trunk/Principal Road
A167,PM,Trunk/Principal Road
A4140,PU,Trunk/Principal Road
A106,TU,Trunk/Principal Road
A131,PR,Trunk/Principal Road
A1194,PR,Trunk/Principal Road
A4500,PU,Trunk/Principal Road
A6006,PU,Trunk/Principal Road
A1033,TU,Trunk/Principal Road
A4037,PU,Trunk/Principal Road
A461,PR,Trunk/Principal Road
A446,PU,Trunk/Principal Road
A4072,PR,Trunk/Principal Road
A549,PU,Trunk/Principal Road
A90,PR,Trunk/Principal Road
A890,PR,Trunk/Principal Road
A74,TM,Trunk/Principal Road
A329M,PR,Motorways
A67,PU,Trunk/Principal Road
A1149,PU,Trunk/Principal Road
A1000,PU,Trunk/Principal Road
A563,PR,Trunk/Principal Road
A180,PU,Trunk/Principal Road
A621,PR,Trunk/Principal Road
A518,PR,Trunk/Principal Road
A4092,PU,Trunk/Principal Road
A318,PU,Trunk/Principal Road
A278,PR,Trunk/Principal Road
A57M,PM,Motorways
A4180,PU,Trunk/Principal Road
A1000,PR,Trunk/Principal Road
A1064,PR,Trunk/Principal Road
A121,PR,Trunk/Principal Road
A1079,PU,Trunk/Principal Road
A661,PU,Trunk/Principal Road
A173,PR,Trunk/Principal Road
A38,TU,Trunk/Principal Road
A544,PR,Trunk/Principal Road
A5154,PU,Trunk/Principal Road
A466,TR,Trunk/Principal Road
A970,PR,Trunk/Principal Road
A74,PU,Trunk/Principal Road
A2038,PR,Trunk/Principal Road
A2003,PU,Trunk/Principal Road
A595,PR,Trunk/Principal Road
A683,PR,Trunk/Principal Road
A6053,PU,Trunk/Principal Road
A3008,PU,Trunk/Principal Road
A1004,PU,Trunk/Principal Road
A1122,PR,Trunk/Principal Road
A4304,PR,Trunk/Principal Road
M1,TM,Motorways
A6101,PU,Trunk/Principal Road
A457,PU,Trunk/Principal Road
A442,PU,Trunk/Principal Road
A704,PR,Trunk/Principal Road
A9,TU,Trunk/Principal Road
A3057,PR,Trunk/Principal Road
A404,TM,Trunk/Principal Road
A676,PR,Trunk/Principal Road
A1130,PU,Trunk/Principal Road
A4204,PU,Trunk/Principal Road
A131,PU,Trunk/Principal Road
A5028,TU,Trunk/Principal Road
A34,PU,Trunk/Principal Road
A529,PR,Trunk/Principal Road
A525,PU,Trunk/Principal Road
A4076,TU,Trunk/Principal Road
A244,PR,Trunk/Principal Road
A2101,PU,Trunk/Principal Road
A26,TR,Trunk/Principal Road
A2014,PR,Trunk/Principal Road
A590,TU,Trunk/Principal Road
A574,PU,Trunk/Principal Road
A691,PU,Trunk/Principal Road
A501,TU,Trunk/Principal Road
A4201,PU,Trunk/Principal Road
A1060,PR,Trunk/Principal Road
A1250,PU,Trunk/Principal Road
A5101,PU,Trunk/Principal Road
A631,PR,Trunk/Principal Road
A463,PR,Trunk/Principal Road
A4071,PU,Trunk/Principal Road
A5195,PR,Trunk/Principal Road
A4214,PU,Trunk/Principal Road
A4042,PR,Trunk/Principal Road
A79,PR,Trunk/Principal Road
A259,PR,Trunk/Principal Road
A338,PR,Trunk/Principal Road
A2021,PU,Trunk/Principal Road
A572,PR,Trunk/Principal Road
A6070,PR,Trunk/Principal Road
A627M,TM,Motorways
A694,PR,Trunk/Principal Road
A1061,PR,Trunk/Principal Road
A1209,PU,Trunk/Principal Road
A406,PU,Trunk/Principal Road
A1120,PR,Trunk/Principal Road
A619,PU,Trunk/Principal Road
A5128,PU,Trunk/Principal Road
A660,TU,Trunk/Principal Road
A6139,PU,Trunk/Principal Road
A518,PU,Trunk/Principal Road
A4054,PR,Trunk/Principal Road
A965,PR,Trunk/Principal Road
A926,PU,Trunk/Principal Road
A30,PU,Trunk/Principal Road
A2990,PU,Trunk/Principal Road
A559,PU,Trunk/Principal Road
A4207,PU,Trunk/Principal Road
A5038,PU,Trunk/Principal Road
A601,PU,Trunk/Principal Road
A4601,PU,Trunk/Principal Road
A5148,TR,Trunk/Principal Road
A484,PR,Trunk/Principal Road
A468,PR,Trunk/Principal Road
A826,PR,Trunk/Principal Road
A812,PR,Trunk/Principal Road
A1168,PU,Trunk/Principal Road
A5120,PU,Trunk/Principal Road
A11,PR,Trunk/Principal Road
A152,PR,Trunk/Principal Road
A63,TU,Trunk/Principal Road
A640,PU,Trunk/Principal Road
A167,PU,Trunk/Principal Road
A4184,PR,Trunk/Principal Road
A766,PU,Trunk/Principal Road
A28,PR,Trunk/Principal Road
A667,PU,Trunk/Principal Road
M66,TM,Motorways
A5074,PR,Trunk/Principal Road
A506,PR,Trunk/Principal Road
A6127,PR,Trunk/Principal Road
A306,PU,Trunk/Principal Road
A13,PU,Trunk/Principal Road
A3207,PU,Trunk/Principal Road
A5227,PU,Trunk/Principal Road
A1169,PU,Trunk/Principal Road
A120,TU,Trunk/Principal Road
A1402,PU,Trunk/Principal Road
A1136,PU,Trunk/Principal Road
A5010,PU,Trunk/Principal Road
A739,PU,Trunk/Principal Road
A272,PU,Trunk/Principal Road
A339,TU,Trunk/Principal Road
A3021,PU,Trunk/Principal Road
A676,PU,Trunk/Principal Road
A5080,PR,Trunk/Principal Road
A1048,PU,Trunk/Principal Road
A4127,PU,Trunk/Principal Road
A313,PU,Trunk/Principal Road
A1179,PU,Trunk/Principal Road
A1309,PU,Trunk/Principal Road
A6069,PR,Trunk/Principal Road
A53,PU,Trunk/Principal Road
A462,PU,Trunk/Principal Road
A4113,PR,Trunk/Principal Road
A4141,PR,Trunk/Principal Road
A5011,TR,Trunk/Principal Road
A475,PR,Trunk/Principal Road
A95,TR,Trunk/Principal Road
A972,TU,Trunk/Principal Road
A5072,PU,Trunk/Principal Road
A593,PR,Trunk/Principal Road
A2213,PU,Trunk/Principal Road
A1008,PU,Trunk/Principal Road
A61,PU,Trunk/Principal Road
A6123,PU,Trunk/Principal Road
A16,TR,Trunk/Principal Road
A465,TU,Trunk/Principal Road
A4067,PR,Trunk/Principal Road
A1,PU,Trunk/Principal Road
A6088,PR,Trunk/Principal Road
A2,TR,Trunk/Principal Road
A35,PR,Trunk/Principal Road
A257,PU,Trunk/Principal Road
A296,PU,Trunk/Principal Road
A308M,TM,Motorways
A675,PU,Trunk/Principal Road
A177,PU,Trunk/Principal Road
A2001,PU,Trunk/Principal Road
A2016,PU,Trunk/Principal Road
A2039,PU,Trunk/Principal Road
A119,PU,Trunk/Principal Road
A610,PR,Trunk/Principal Road
A523,TU,Trunk/Principal Road
A5206,PU,Trunk/Principal Road
M69,TM,Motorways
A7,PR,Trunk/Principal Road
A908,PR,Trunk/Principal Road
A885,PR,Trunk/Principal Road
A355,PR,Trunk/Principal Road
A227,PU,Trunk/Principal Road
A2070,PU,Trunk/Principal Road
A540,PR,Trunk/Principal Road
A664,PR,Trunk/Principal Road
A69,TR,Trunk/Principal Road
A673,PR,Trunk/Principal Road
A5207,PR,Trunk/Principal Road
A1421,PR,Trunk/Principal Road
A6037,PU,Trunk/Principal Road
M606,TM,Motorways
A160,PU,Trunk/Principal Road
A452,PR,Trunk/Principal Road
A488,PU,Trunk/Principal Road
A4025,PU,Trunk/Principal Road
A487,PU,Trunk/Principal Road
A738,PU,Trunk/Principal Road
A533,PU,Trunk/Principal Road
A563,PU,Trunk/Principal Road
A644,PU,Trunk/Principal Road
A64,TR,Trunk/Principal Road
A519,PR,Trunk/Principal Road
A5152,PU,Trunk/Principal Road
A879,PU,Trunk/Principal Road
A955,PU,Trunk/Principal Road
A779,PR,Trunk/Principal Road
A418,PR,Trunk/Principal Road
A265,PR,Trunk/Principal Road
A316,TU,Trunk/Principal Road
A590,PU,Trunk/Principal Road
A13,TU,Trunk/Principal Road
A1199,PU,Trunk/Principal Road
A3036,TU,Trunk/Principal Road
A551,PR,Trunk/Principal Road
A602,PR,Trunk/Principal Road
A47,PR,Trunk/Principal Road
A6075,PU,Trunk/Principal Road
A58,TU,Trunk/Principal Road
A49,TR,Trunk/Principal Road
A4023,PR,Trunk/Principal Road
A4971,TR,Trunk/Principal Road
A920,PR,Trunk/Principal Road
A763,PU,Trunk/Principal Road
A272,PR,Trunk/Principal Road
A413,PU,Trunk/Principal Road
A580,TU,Trunk/Principal Road
A596,TU,Trunk/Principal Road
A557,TR,Trunk/Principal Road
A5109,PR,Trunk/Principal Road
A405,PR,Trunk/Principal Road
A6136,PR,Trunk/Principal Road
A5013,PU,Trunk/Principal Road
A912,PR,Trunk/Principal Road
A8004,PR,Trunk/Principal Road
A20,PR,Trunk/Principal Road
A217,PU,Trunk/Principal Road
A20,TR,Trunk/Principal Road
A666,PR,Trunk/Principal Road
A670,PU,Trunk/Principal Road
A536,PU,Trunk/Principal Road
A5203,PU,Trunk/Principal Road
A1308,PU,Trunk/Principal Road
A60,TR,Trunk/Principal Road
A465,PU,Trunk/Principal Road
A5035,PU,Trunk/Principal Road
A5192,PR,Trunk/Principal Road
A4048,PU,Trunk/Principal Road
A801,PR,Trunk/Principal Road
A21,TR,Trunk/Principal Road
A50,PR,Trunk/Principal Road
A54,PR,Trunk/Principal Road
A682,PU,Trunk/Principal Road
A574,PR,Trunk/Principal Road
A5075,PR,Trunk/Principal Road
A197,PU,Trunk/Principal Road
A194(M),TM,Motorways
A127,PR,Trunk/Principal Road
A609,PU,Trunk/Principal Road
A158,PU,Trunk/Principal Road
A1,TU,Trunk/Principal Road
A66(M),TM,Motorways
A55,TR,Trunk/Principal Road
A281,PU,Trunk/Principal Road
A3100,PR,Trunk/Principal Road
A595,TU,Trunk/Principal Road
A1042,PU,Trunk/Principal Road
A47,TR,Trunk/Principal Road
A1101,PR,Trunk/Principal Road
A1189,PU,Trunk/Principal Road
A140,PR,Trunk/Principal Road
M54,TM,Motorways
A71,PR,Trunk/Principal Road
A3032,PR,Trunk/Principal Road
A23,PR,Trunk/Principal Road
A3013,PR,Trunk/Principal Road
A329M,PM,Motorways
A6119,PU,Trunk/Principal Road
A6017,PU,Trunk/Principal Road
A5014,PU,Trunk/Principal Road
A5105,PU,Trunk/Principal Road
A197,PR,Trunk/Principal Road
A1290,PR,Trunk/Principal Road
A1205,PU,Trunk/Principal Road
A5183,PR,Trunk/Principal Road
A1302,PU,Trunk/Principal Road
A1170,PU,Trunk/Principal Road
A609,PR,Trunk/Principal Road
A6120,TU,Trunk/Principal Road
A63,TR,Trunk/Principal Road
A656,PR,Trunk/Principal Road
A449,TR,Trunk/Principal Road
A443,PR,Trunk/Principal Road
A476,PU,Trunk/Principal Road
A844,PR,Trunk/Principal Road
A849,PR,Trunk/Principal Road
A933,PR,Trunk/Principal Road
A95,PR,Trunk/Principal Road
A952,PR,Trunk/Principal Road
A922,PR,Trunk/Principal Road
A2026,PU,Trunk/Principal Road
A2017,PU,Trunk/Principal Road
A56,TR,Trunk/Principal Road
A69,PR,Trunk/Principal Road
A177,PR,Trunk/Principal Road
A1053,TU,Trunk/Principal Road
A2206,PU,Trunk/Principal Road
A5045,PU,Trunk/Principal Road
A1074,PR,Trunk/Principal Road
A636,PR,Trunk/Principal Road
A1041,TU,Trunk/Principal Road
A52,PU,Trunk/Principal Road
A487,TU,Trunk/Principal Road
A494,TR,Trunk/Principal Road
A470,PU,Trunk/Principal Road
A866,PR,Trunk/Principal Road
M2,TM,Motorways
A324,PR,Trunk/Principal Road
A2070,TR,Trunk/Principal Road
A6045,PU,Trunk/Principal Road
A590,PR,Trunk/Principal Road
A200,PU,Trunk/Principal Road
A4145,PU,Trunk/Principal Road
A5111,TU,Trunk/Principal Road
A168,PR,Trunk/Principal Road
A34,PR,Trunk/Principal Road
A483,TR,Trunk/Principal Road
A4137,PR,Trunk/Principal Road
A4061,PR,Trunk/Principal Road
A489,TU,Trunk/Principal Road
A48,TU,Trunk/Principal Road
A4043,PU,Trunk/Principal Road
A6093,PR,Trunk/Principal Road
A899,PU,Trunk/Principal Road
A945,PU,Trunk/Principal Road
A6144,PM,Trunk/Principal Road
A597,PR,Trunk/Principal Road
A1185,PR,Trunk/Principal Road
A143,PR,Trunk/Principal Road
A5132,PR,Trunk/Principal Road
A4053,PU,Trunk/Principal Road
A441,PR,Trunk/Principal Road
A458,TR,Trunk/Principal Road
A4252,PU,Trunk/Principal Road
A467,PR,Trunk/Principal Road
A482,PR,Trunk/Principal Road
A334,PU,Trunk/Principal Road
A28,PU,Trunk/Principal Road
A278,PU,Trunk/Principal Road
A570,TU,Trunk/Principal Road
A1110,PU,Trunk/Principal Road
A5208,PU,Trunk/Principal Road
A1054,PU,Trunk/Principal Road
A138,PU,Trunk/Principal Road
A651,PU,Trunk/Principal Road
A6182,PR,Trunk/Principal Road
A449,TU,Trunk/Principal Road
A5124,PR,Trunk/Principal Road
A48,PR,Trunk/Principal Road
A6106,PU,Trunk/Principal Road
A340,PR,Trunk/Principal Road
A421,PR,Trunk/Principal Road
A560,PU,Trunk/Principal Road
A583,PU,Trunk/Principal Road
A5091,PR,Trunk/Principal Road
A1150,PU,Trunk/Principal Road
A304,PU,Trunk/Principal Road
A1145,PU,Trunk/Principal Road
A1057,PU,Trunk/Principal Road
A4971,PR,Trunk/Principal Road
A98,PR,Trunk/Principal Road
A863,PR,Trunk/Principal Road
A935,PR,Trunk/Principal Road
A818,PR,Trunk/Principal Road
A287,PU,Trunk/Principal Road
A583,PR,Trunk/Principal Road
A686,PR,Trunk/Principal Road
A5147,PR,Trunk/Principal Road
A3113,PU,Trunk/Principal Road
A600,PU,Trunk/Principal Road
A18,PU,Trunk/Principal Road
A56,PR,Trunk/Principal Road
A45,TU,Trunk/Principal Road
A528,PR,Trunk/Principal Road
A723,PU,Trunk/Principal Road
A781,PU,Trunk/Principal Road
A2050,PU,Trunk/Principal Road
A252,PR,Trunk/Principal Road
A3051,PU,Trunk/Principal Road
A677,PR,Trunk/Principal Road
A5062,PU,Trunk/Principal Road
A561,PR,Trunk/Principal Road
A5183,PU,Trunk/Principal Road
A6001,PU,Trunk/Principal Road
A134,PU,Trunk/Principal Road
A1139,PR,Trunk/Principal Road
A1088,PR,Trunk/Principal Road
A1270,PR,Trunk/Principal Road
A34,TR,Trunk/Principal Road
A47,PU,Trunk/Principal Road
A50,TR,Trunk/Principal Road
A4212,PR,Trunk/Principal Road
A4230,PU,Trunk/Principal Road
A550,PU,Trunk/Principal Road
A926,PR,Trunk/Principal Road
A7,TR,Trunk/Principal Road
A756,PU,Trunk/Principal Road
A671,PR,Trunk/Principal Road
A74M,TM,Motorways
A210,PU,Trunk/Principal Road
A5200,TU,Trunk/Principal Road
A1081,PU,Trunk/Principal Road
A112,PR,Trunk/Principal Road
A1067,PR,Trunk/Principal Road
A1094,PR,Trunk/Principal Road
A1077,PU,Trunk/Principal Road
A48,PU,Trunk/Principal Road
A4109,PR,Trunk/Principal Road
A4222,PU,Trunk/Principal Road
A497,TR,Trunk/Principal Road
A816,PR,Trunk/Principal Road
A947,PU,Trunk/Principal Road
A930,PR,Trunk/Principal Road
A800,PU,Trunk/Principal Road
A76,PU,Trunk/Principal Road
A292,PU,Trunk/Principal Road
A331,PR,Trunk/Principal Road
A5185,PU,Trunk/Principal Road
A2209,PU,Trunk/Principal Road
A4088,PU,Trunk/Principal Road
A561,PU,Trunk/Principal Road
A1384,PU,Trunk/Principal Road
A52,TR,Trunk/Principal Road
A5009,PU,Trunk/Principal Road
A550,PR,Trunk/Principal Road
A760,PR,Trunk/Principal Road
A905,PR,Trunk/Principal Road
A22,PU,Trunk/Principal Road
A580,TR,Trunk/Principal Road
A5480,PU,Trunk/Principal Road
M10,TM,Motorways
A611,PU,Trunk/Principal Road
A6131,PU,Trunk/Principal Road
A655,PR,Trunk/Principal Road
A684,PU,Trunk/Principal Road
A6021,PR,Trunk/Principal Road
A4160,PU,Trunk/Principal Road
A40,TU,Trunk/Principal Road
A534,PR,Trunk/Principal Road
A5153,PU,Trunk/Principal Road
A736,PR,Trunk/Principal Road
A3,TU,Trunk/Principal Road
A2044,PR,Trunk/Principal Road
A674,PU,Trunk/Principal Road
A601M,PM,Motorways
A1078,PU,Trunk/Principal Road
A4023,PU,Trunk/Principal Road
A487,PR,Trunk/Principal Road
A699,PR,Trunk/Principal Road
A937,PU,Trunk/Principal Road
A246,PU,Trunk/Principal Road
A334,PR,Trunk/Principal Road
A663,PU,Trunk/Principal Road
A6077,PU,Trunk/Principal Road
A192,PR,Trunk/Principal Road
A110,PU,Trunk/Principal Road
A3219,PU,Trunk/Principal Road
A2204,PU,Trunk/Principal Road
A6006,PR,Trunk/Principal Road
A1173,PR,Trunk/Principal Road
A6101,PR,Trunk/Principal Road
A159,PU,Trunk/Principal Road
A5011,PU,Trunk/Principal Road
A92,TU,Trunk/Principal Road
A968,PR,Trunk/Principal Road
A701,PU,Trunk/Principal Road
A339,TR,Trunk/Principal Road
A4165,PR,Trunk/Principal Road
A597,PU,Trunk/Principal Road
A5092,PR,Trunk/Principal Road
A1171,PU,Trunk/Principal Road
A1,TM,Trunk/Principal Road
A654,PR,Trunk/Principal Road
A4184,PU,Trunk/Principal Road
A45,PR,Trunk/Principal Road
A977,TR,Trunk/Principal Road
A4144,PU,Trunk/Principal Road
A4130,PR,Trunk/Principal Road
A3051,PR,Trunk/Principal Road
A331,PU,Trunk/Principal Road
A5078,PU,Trunk/Principal Road
A115,PU,Trunk/Principal Road
A5057,PU,Trunk/Principal Road
A605,PU,Trunk/Principal Road
A1015,PU,Trunk/Principal Road
A512,PR,Trunk/Principal Road
A606,PU,Trunk/Principal Road
A18,PR,Trunk/Principal Road
A6178,PU,Trunk/Principal Road
A658,PR,Trunk/Principal Road
A161,PU,Trunk/Principal Road
A872,PR,Trunk/Principal Road
A66,PU,Trunk/Principal Road
A3036,PU,Trunk/Principal Road
A1034,PR,Trunk/Principal Road
A4117,PR,Trunk/Principal Road
A473,PR,Trunk/Principal Road
A80,PU,Trunk/Principal Road
A8014,PU,Trunk/Principal Road
A985,TU,Trunk/Principal Road
A966,PR,Trunk/Principal Road
A2037,PR,Trunk/Principal Road
A424,PR,Trunk/Principal Road
A232,PU,Trunk/Principal Road
A557,PR,Trunk/Principal Road
A1045,PU,Trunk/Principal Road
A305,PU,Trunk/Principal Road
A112,PU,Trunk/Principal Road
A2203,PU,Trunk/Principal Road
A5207,TU,Trunk/Principal Road
A1022,PU,Trunk/Principal Road
A1189,PR,Trunk/Principal Road
A17,PR,Trunk/Principal Road
A453,TR,Trunk/Principal Road
A1028,PR,Trunk/Principal Road
A165,PU,Trunk/Principal Road
A454,PR,Trunk/Principal Road
A5119,PU,Trunk/Principal Road
A2029,PU,Trunk/Principal Road
A3054,PR,Trunk/Principal Road
A6193,PU,Trunk/Principal Road
A5047,PU,Trunk/Principal Road
A4012,PR,Trunk/Principal Road
A511,TR,Trunk/Principal Road
A172,PR,Trunk/Principal Road
A57,TR,Trunk/Principal Road
A4168,PU,Trunk/Principal Road
A4030,PU,Trunk/Principal Road
A4060,TR,Trunk/Principal Road
A698,PR,Trunk/Principal Road
A581,PU,Trunk/Principal Road
A11,PU,Trunk/Principal Road
A204,PU,Trunk/Principal Road
A1089,TU,Trunk/Principal Road
A4012,PU,Trunk/Principal Road
A1077,PR,Trunk/Principal Road
A438,PU,Trunk/Principal Road
A460,PR,Trunk/Principal Road
A4102,PU,Trunk/Principal Road
A4138,PU,Trunk/Principal Road
A910,PU,Trunk/Principal Road
A984,PR,Trunk/Principal Road
A737,PR,Trunk/Principal Road
A31,TR,Trunk/Principal Road
A258,PU,Trunk/Principal Road
A234,PU,Trunk/Principal Road
A5055,PU,Trunk/Principal Road
A141,PU,Trunk/Principal Road
A1059,PU,Trunk/Principal Road
A153,PR,Trunk/Principal Road
A510,PR,Trunk/Principal Road
A5127,PU,Trunk/Principal Road
A5192,PU,Trunk/Principal Road
A48,TR,Trunk/Principal Road
A4240,PR,Trunk/Principal Road
A994,PR,Trunk/Principal Road
A888,PR,Trunk/Principal Road
A944,PU,Trunk/Principal Road
A26,TU,Trunk/Principal Road
A577,PU,Trunk/Principal Road
A6046,PU,Trunk/Principal Road
A6085,PU,Trunk/Principal Road
A1068,PU,Trunk/Principal Road
A1069,PR,Trunk/Principal Road
A5135,PR,Trunk/Principal Road
A1076,PU,Trunk/Principal Road
