FID,LAD19CD,LAD19NM,LAD19NMW
1,E06000001,Hartlepool,
2,E07000215,Tandridge,
3,E07000084,Basingstoke and Deane,
4,E06000002,Middlesbrough,
5,E06000003,Redcar and Cleveland,
6,E06000004,Stockton-on-Tees,
7,E07000216,Waverley,
8,E07000217,Woking,
9,E06000005,Darlington,
10,E06000006,Halton,
11,E07000218,North Warwickshire,
12,E07000219,Nuneaton and Bedworth,
13,E06000007,Warrington,
14,E06000008,Blackburn with Darwen,
15,E07000220,Rugby,
16,E07000221,Stratford-on-Avon,
17,E06000009,Blackpool,
18,E06000010,"Kingston upon Hull, City of",
19,E07000222,Warwick,
20,E07000223,Adur,
21,E06000011,East Riding of Yorkshire,
22,E06000012,North East Lincolnshire,
23,E07000224,Arun,
24,E06000013,North Lincolnshire,
25,E06000014,York,
26,E07000225,Chichester,
27,E07000226,Crawley,
28,E06000015,Derby,
29,E06000016,Leicester,
30,E07000227,Horsham,
31,E07000228,Mid Sussex,
32,E06000017,Rutland,
33,E06000018,Nottingham,
34,E07000229,Worthing,
35,E07000234,Bromsgrove,
36,E06000019,"Herefordshire, County of",
37,E06000020,Telford and Wrekin,
38,E07000235,Malvern Hills,
39,E07000236,Redditch,
40,E06000021,Stoke-on-Trent,
41,E07000237,Worcester,
42,E07000085,East Hampshire,
43,E06000022,Bath and North East Somerset,
44,E07000238,Wychavon,
45,E07000086,Eastleigh,
46,E06000023,"Bristol, City of",
47,E07000239,Wyre Forest,
48,E07000087,Fareham,
49,E06000024,North Somerset,
50,E07000240,St Albans,
51,E07000088,Gosport,
52,E06000025,South Gloucestershire,
53,E07000241,Welwyn Hatfield,
54,E07000089,Hart,
55,E06000026,Plymouth,
56,E07000242,East Hertfordshire,
57,E07000090,Havant,
58,E06000027,Torbay,
59,E07000243,Stevenage,
60,E07000091,New Forest,
61,E06000030,Swindon,
62,E07000244,East Suffolk,
63,E07000092,Rushmoor,
64,E06000031,Peterborough,
65,E07000245,West Suffolk,
66,E07000093,Test Valley,
67,E06000032,Luton,
68,E07000246,Somerset West and Taunton,
69,E07000094,Winchester,
70,E06000033,Southend-on-Sea,
71,E08000001,Bolton,
72,E07000095,Broxbourne,
73,E07000143,Breckland,
74,E06000034,Thurrock,
75,E08000002,Bury,
76,E07000096,Dacorum,
77,E06000035,Medway,
78,E07000144,Broadland,
79,E08000003,Manchester,
80,E07000098,Hertsmere,
81,E06000036,Bracknell Forest,
82,E07000145,Great Yarmouth,
83,E08000004,Oldham,
84,E07000099,North Hertfordshire,
85,E06000037,West Berkshire,
86,E07000146,King's Lynn and West Norfolk,
87,E08000005,Rochdale,
88,E07000102,Three Rivers,
89,E06000038,Reading,
90,E07000147,North Norfolk,
91,E08000006,Salford,
92,E07000103,Watford,
93,E06000039,Slough,
94,E07000148,Norwich,
95,E08000007,Stockport,
96,E07000105,Ashford,
97,E06000040,Windsor and Maidenhead,
98,E07000149,South Norfolk,
99,E08000008,Tameside,
100,E07000106,Canterbury,
101,E06000041,Wokingham,
102,E07000150,Corby,
103,E08000009,Trafford,
104,E07000107,Dartford,
105,E06000042,Milton Keynes,
106,E07000151,Daventry,
107,E08000010,Wigan,
108,E07000108,Dover,
109,E06000043,Brighton and Hove,
110,E07000152,East Northamptonshire,
111,E08000011,Knowsley,
112,E07000109,Gravesham,
113,E06000044,Portsmouth,
114,E08000012,Liverpool,
115,E07000153,Kettering,
116,E07000154,Northampton,
117,E07000155,South Northamptonshire,
118,E07000110,Maidstone,
119,E07000156,Wellingborough,
120,E06000045,Southampton,
121,E08000013,St. Helens,
122,E06000046,Isle of Wight,
123,E07000163,Craven,
124,E07000111,Sevenoaks,
125,E08000014,Sefton,
126,E06000047,County Durham,
127,E07000164,Hambleton,
128,E07000112,Folkestone and Hythe,
129,E08000015,Wirral,
130,E06000049,Cheshire East,
131,E07000165,Harrogate,
132,E07000113,Swale,
133,E08000016,Barnsley,
134,E06000050,Cheshire West and Chester,
135,E07000166,Richmondshire,
136,E07000114,Thanet,
137,E08000017,Doncaster,
138,E06000051,Shropshire,
139,E07000167,Ryedale,
140,E07000115,Tonbridge and Malling,
141,E08000018,Rotherham,
142,E06000052,Cornwall,
143,E07000168,Scarborough,
144,E07000116,Tunbridge Wells,
145,E08000019,Sheffield,
146,E06000053,Isles of Scilly,
147,E07000169,Selby,
148,E07000117,Burnley,
149,E08000021,Newcastle upon Tyne,
150,E06000054,Wiltshire,
151,E07000170,Ashfield,
152,E07000118,Chorley,
153,E08000022,North Tyneside,
154,E06000055,Bedford,
155,E07000171,Bassetlaw,
156,E07000119,Fylde,
157,E08000023,South Tyneside,
158,E06000056,Central Bedfordshire,
159,E07000172,Broxtowe,
160,E07000120,Hyndburn,
161,E08000024,Sunderland,
162,E06000057,Northumberland,
163,E07000173,Gedling,
164,E07000121,Lancaster,
165,E08000025,Birmingham,
166,E06000058,"Bournemouth, Christchurch and Poole",
167,E07000174,Mansfield,
168,E07000122,Pendle,
169,E08000026,Coventry,
170,E07000175,Newark and Sherwood,
171,E07000123,Preston,
172,E08000027,Dudley,
173,E07000176,Rushcliffe,
174,E07000124,Ribble Valley,
175,E08000028,Sandwell,
176,E07000177,Cherwell,
177,E07000125,Rossendale,
178,E07000178,Oxford,
179,E07000126,South Ribble,
180,E07000179,South Oxfordshire,
181,E07000127,West Lancashire,
182,E07000180,Vale of White Horse,
183,E07000128,Wyre,
184,E07000181,West Oxfordshire,
185,E07000129,Blaby,
186,E07000187,Mendip,
187,E07000130,Charnwood,
188,E07000188,Sedgemoor,
189,E07000131,Harborough,
190,E07000189,South Somerset,
191,E07000132,Hinckley and Bosworth,
192,E07000192,Cannock Chase,
193,E07000133,Melton,
194,E07000193,East Staffordshire,
195,E07000134,North West Leicestershire,
196,E07000194,Lichfield,
197,E07000195,Newcastle-under-Lyme,
198,E07000196,South Staffordshire,
199,E07000197,Stafford,
200,E07000198,Staffordshire Moorlands,
201,E07000199,Tamworth,
202,E07000200,Babergh,
203,E07000202,Ipswich,
204,E07000203,Mid Suffolk,
205,E07000207,Elmbridge,
206,E07000208,Epsom and Ewell,
207,E07000209,Guildford,
208,E07000210,Mole Valley,
209,E07000135,Oadby and Wigston,
210,E07000211,Reigate and Banstead,
211,E07000136,Boston,
212,E07000212,Runnymede,
213,E07000137,East Lindsey,
214,E07000213,Spelthorne,
215,E07000138,Lincoln,
216,E07000214,Surrey Heath,
217,E07000139,North Kesteven,
218,E07000140,South Holland,
219,E07000141,South Kesteven,
220,E07000142,West Lindsey,
221,E08000029,Solihull,
222,E08000030,Walsall,
223,E08000031,Wolverhampton,
224,E08000032,Bradford,
225,E08000033,Calderdale,
226,E08000034,Kirklees,
227,E08000035,Leeds,
228,E08000036,Wakefield,
229,E08000037,Gateshead,
230,E09000001,City of London,
231,E09000002,Barking and Dagenham,
232,E09000003,Barnet,
233,E09000004,Bexley,
234,E09000005,Brent,
235,E09000006,Bromley,
236,E09000007,Camden,
237,E09000008,Croydon,
238,E09000009,Ealing,
239,E09000010,Enfield,
240,E09000011,Greenwich,
241,E09000012,Hackney,
242,E09000013,Hammersmith and Fulham,
243,E09000014,Haringey,
244,E09000015,Harrow,
245,E09000016,Havering,
246,E09000017,Hillingdon,
247,E09000018,Hounslow,
248,E09000019,Islington,
249,E09000020,Kensington and Chelsea,
250,E09000021,Kingston upon Thames,
251,E09000022,Lambeth,
252,E09000023,Lewisham,
253,E09000024,Merton,
254,E09000025,Newham,
255,E09000026,Redbridge,
256,E09000027,Richmond upon Thames,
257,E09000028,Southwark,
258,E09000029,Sutton,
259,E09000030,Tower Hamlets,
260,E09000031,Waltham Forest,
261,E09000032,Wandsworth,
262,E09000033,Westminster,
263,N09000001,Antrim and Newtownabbey,
264,N09000002,"Armagh City, Banbridge and Craigavon",
265,N09000003,Belfast,
266,N09000004,Causeway Coast and Glens,
267,N09000005,Derry City and Strabane,
268,N09000006,Fermanagh and Omagh,
269,N09000007,Lisburn and Castlereagh,
270,N09000008,Mid and East Antrim,
271,N09000009,Mid Ulster,
272,N09000010,"Newry, Mourne and Down",
273,N09000011,Ards and North Down,
274,S12000005,Clackmannanshire,
275,S12000006,Dumfries and Galloway,
276,E06000059,Dorset,
277,E07000004,Aylesbury Vale,
278,E07000005,Chiltern,
279,E07000006,South Bucks,
280,E07000007,Wycombe,
281,E07000008,Cambridge,
282,E07000009,East Cambridgeshire,
283,E07000010,Fenland,
284,E07000011,Huntingdonshire,
285,E07000012,South Cambridgeshire,
286,E07000026,Allerdale,
287,E07000027,Barrow-in-Furness,
288,E07000028,Carlisle,
289,E07000029,Copeland,
290,E07000030,Eden,
291,E07000031,South Lakeland,
292,E07000032,Amber Valley,
293,E07000033,Bolsover,
294,E07000034,Chesterfield,
295,E07000035,Derbyshire Dales,
296,E07000036,Erewash,
297,E07000037,High Peak,
298,E07000038,North East Derbyshire,
299,E07000039,South Derbyshire,
300,E07000040,East Devon,
301,E07000041,Exeter,
302,E07000042,Mid Devon,
303,E07000043,North Devon,
304,E07000044,South Hams,
305,E07000045,Teignbridge,
306,E07000046,Torridge,
307,E07000047,West Devon,
308,E07000061,Eastbourne,
309,E07000062,Hastings,
310,E07000063,Lewes,
311,E07000064,Rother,
312,E07000065,Wealden,
313,E07000066,Basildon,
314,E07000067,Braintree,
315,E07000068,Brentwood,
316,E07000069,Castle Point,
317,E07000070,Chelmsford,
318,E07000071,Colchester,
319,E07000072,Epping Forest,
320,E07000073,Harlow,
321,E07000074,Maldon,
322,E07000075,Rochford,
323,E07000076,Tendring,
324,E07000077,Uttlesford,
325,E07000078,Cheltenham,
326,E07000079,Cotswold,
327,E07000080,Forest of Dean,
328,E07000081,Gloucester,
329,S12000008,East Ayrshire,
330,E07000082,Stroud,
331,E07000083,Tewkesbury,
332,S12000010,East Lothian,
333,S12000011,East Renfrewshire,
334,S12000013,Na h-Eileanan Siar,
335,S12000014,Falkirk,
336,S12000017,Highland,
337,S12000018,Inverclyde,
338,S12000019,Midlothian,
339,S12000020,Moray,
340,S12000021,North Ayrshire,
341,S12000023,Orkney Islands,
342,S12000026,Scottish Borders,
343,S12000027,Shetland Islands,
344,S12000028,South Ayrshire,
345,S12000029,South Lanarkshire,
346,S12000030,Stirling,
347,S12000033,Aberdeen City,
348,S12000034,Aberdeenshire,
349,S12000035,Argyll and Bute,
350,S12000036,City of Edinburgh,
351,S12000038,Renfrewshire,
352,S12000039,West Dunbartonshire,
353,S12000040,West Lothian,
354,S12000041,Angus,
355,S12000042,Dundee City,
356,S12000045,East Dunbartonshire,
357,S12000047,Fife,
358,S12000048,Perth and Kinross,
359,S12000049,Glasgow City,
360,S12000050,North Lanarkshire,
361,W06000001,Isle of Anglesey,Ynys M�n
362,W06000002,Gwynedd,Gwynedd
363,W06000003,Conwy,Conwy
364,W06000004,Denbighshire,Sir Ddinbych
365,W06000005,Flintshire,Sir y Fflint
366,W06000006,Wrexham,Wrecsam
367,W06000008,Ceredigion,Ceredigion
368,W06000009,Pembrokeshire,Sir Benfro
369,W06000010,Carmarthenshire,Sir Gaerfyrddin
370,W06000011,Swansea,Abertawe
371,W06000012,Neath Port Talbot,Castell-nedd Port Talbot
372,W06000013,Bridgend,Pen-y-bont ar Ogwr
373,W06000014,Vale of Glamorgan,Bro Morgannwg
374,W06000015,Cardiff,Caerdydd
375,W06000016,Rhondda Cynon Taf,Rhondda Cynon Taf
376,W06000018,Caerphilly,Caerffili
377,W06000019,Blaenau Gwent,Blaenau Gwent
378,W06000020,Torfaen,Torfaen
379,W06000021,Monmouthshire,Sir Fynwy
380,W06000022,Newport,Casnewydd
381,W06000023,Powys,Powys
382,W06000024,Merthyr Tydfil,Merthyr Tudful
